id,domain,status,purchase_price,renewal_price,attractiveness,demand,length,registrar,created_at,expires_at,status_verified_at
7899c251-4e76-48dd-a656-fe2a196c42bf,nigel.uk,resell,,,high,low,5,,,,27/09/2026 17:08
dd780710-e9ca-4038-8cbb-9e0a337d035c,meshuga.uk,available,6.98,9.98,low,low,7,namecheap,,,24/08/2026 21:06
49d81875-5dac-46b2-996c-f80a9fc46a42,envisioned.uk,available,6.49,6.49,high,low,10,namesilo,,,24/09/2026 14:18
f875d474-c88b-4b66-a516-29bdbd4530ec,guam.uk,resell,,,high,high,4,David Worth,07/03/2019 22:46,07/03/2027 22:46,26/09/2026 06:31
5b634321-3808-4566-87ee-91c6b4850719,unused.uk,resell,,,medium,low,6,UK Internet Services Ltd,01/05/2018 16:55,01/05/2027 16:55,26/09/2026 09:53
1943abac-d23a-4056-b973-d8b899f81de5,campanula.uk,available,6.49,6.49,medium,low,9,namesilo,,,23/09/2026 06:05
9df57056-6da6-4f8b-8e01-b211f16ea649,abyla.uk,available,6.49,6.49,medium,low,5,namesilo,,,16/09/2026 15:53
54ae8a5d-296d-47a2-8598-95d48a539e9e,humbling.uk,available,6.49,6.49,medium,low,8,namesilo,,,14/08/2026 01:09
9df17c76-714b-473b-8d9e-acd88362b7bf,painterly.uk,available,6.49,6.49,medium,low,9,namesilo,,,25/09/2026 12:41
51a9f324-5f6c-4d7b-bcd8-48a586f7df78,seemingly.uk,available,6.98,9.98,medium,low,9,namecheap,,,13/09/2026 20:24
ee9eabf5-acb2-45a0-8290-911d059fc0fc,lawrencium.uk,resell,,,medium,low,10,ANY-Web Limited,09/04/2022 09:19,09/04/2027 09:19,26/09/2026 07:09
4ca9ceba-dafd-4d38-bf79-f08d79e3008a,smashingly.uk,available,6.49,6.49,medium,low,10,namesilo,,,16/09/2026 02:49
32a72b03-eceb-45d2-a50a-4d36be0e55d5,quatern.uk,available,6.49,6.49,medium,low,7,namesilo,,,
f33d937b-5eef-4af4-8b11-e8f1b72c6525,medals.uk,resell,,,high,low,6,UK Internet Services Ltd,03/07/2019 13:00,03/07/2027 13:00,26/09/2026 07:29
7a50ab2f-29ff-4fa7-84e8-2c82d8e35bdb,restrain.uk,available,6.49,6.49,medium,low,8,namesilo,,,
998fc33a-9abe-4bc3-97a4-55e3c18fd061,assorted.uk,resell,,,high,low,8,Realtime Register BV,22/05/2022 22:05,22/05/2027 22:05,26/09/2026 04:05
3154992a-89e4-49ab-ba0f-1948340659da,biracial.uk,available,6.49,6.49,high,low,8,namesilo,,,10/08/2026 05:42
53218d91-ea63-4519-a63a-670976d936ee,deserved.uk,available,6.49,6.49,high,low,8,namesilo,,,14/08/2026 03:27
e2e71bbd-485e-4657-9511-de0dbf889db0,atomiser.uk,available,6.49,6.49,medium,low,8,namesilo,,,21/09/2026 00:19
7455db30-57b8-4de0-8b1b-a02c5295b286,atp.uk,resell,,,high,low,3,Tool Domains EOOD t/a Edoms.com,01/07/2019 13:00,01/07/2027 13:00,26/09/2026 04:07
74f8577a-acea-4f5f-bebc-325e38b9300f,stack.uk,resell,,,high,medium,5,Hosting Concepts B.V.,10/09/2018 05:22,10/09/2027 05:22,26/09/2026 09:15
aec91eff-8f8b-4cbc-9463-e4d80449de64,anthemis.uk,available,6.49,6.49,medium,low,8,namesilo,,,19/09/2026 12:57
20901ac8-d4c9-42e4-9c85-9857155ee726,apologue.uk,available,6.98,9.98,medium,low,8,namecheap,,,18/09/2026 10:43
2ccb41a7-f78a-42e1-b6fe-fb30dbc4d471,obscurely.uk,available,6.49,6.49,medium,low,9,namesilo,,,15/09/2026 17:13
fe6e5a09-a583-4a99-a6e2-1d05c53d6f25,rimbaud.uk,available,6.49,6.49,medium,low,7,namesilo,,,20/09/2026 11:03
f4800451-1200-4bbf-9f6b-0445381d7c5c,drown.uk,available,6.49,6.49,medium,low,5,namesilo,,,
544ca426-c6b2-46e0-98b9-0b3465cd2dd9,corn.uk,resell,,,high,low,4,"Dynadot, LLC t/a Dynadot",30/10/2017 09:20,30/10/2027 08:20,26/09/2026 05:15
49b2ebb5-e41b-4b0b-a563-16cb61b84251,overfed.uk,available,6.49,6.49,medium,low,7,namesilo,,,04/09/2026 20:33
eb3f4bf3-abab-41a2-886f-35576ff9b246,blithely.uk,available,6.49,6.49,medium,low,8,namesilo,,,14/09/2026 00:31
49a4c319-c6f5-401a-b792-83c41a97dbd8,adulteress.uk,available,6.49,6.49,medium,low,10,namesilo,,,17/09/2026 10:20
d720f145-76d6-478b-8f77-faede5f970aa,eiffel.uk,resell,,,medium,low,6,Fidel Tech Ltd,26/12/2021 20:44,26/12/2026 20:44,26/09/2026 05:46
5a2be49d-ef54-46ec-89b9-36c64301619b,anasazi.uk,available,6.49,6.49,medium,low,7,namesilo,,,19/09/2026 03:16
428422ca-e2d3-4572-b0a9-b6e0ad332bac,banger.uk,resell,,,high,low,6,Mr Chris Vaughan,01/07/2019 13:00,01/07/2027 13:00,26/09/2026 04:15
2a1f3a89-c08f-4459-9f52-5d2014761e90,immobile.uk,available,6.98,9.98,medium,low,8,namecheap,,,21/08/2026 21:05
dcd85573-19d4-4098-b66b-9f7d0c1f7972,turnout.uk,available,9.98,,high,low,8,namecheap,,,
be5e3d06-8c2b-482d-aebc-54587beb5035,napkins.uk,resell,,,medium,low,7,Vital Domains Ltd,04/07/2019 13:00,04/07/2027 13:00,26/09/2026 07:42
03750c3a-4fab-481f-9536-1df6d2ab605e,stieglitz.uk,available,6.49,6.49,medium,low,9,namesilo,,,18/09/2026 06:45
7467e28f-e480-4735-a0a8-b1cfd3e8cb58,berlage.uk,available,9.99,11.99,medium,low,7,name.com,,,23/09/2026 09:36
c2dbb714-5c0d-498b-8fb5-8f20c31cf4cb,aromatic.uk,resell,,,high,low,8,R Karpis,31/03/2019 18:31,31/03/2028 18:31,26/09/2026 04:02
a9677661-a108-418e-bb65-55b479b54f9b,withdrawal.uk,resell,,,high,low,10,"Namecheap, Inc.",21/01/2026 13:20,21/01/2027 13:20,26/09/2026 10:12
7724f994-90ee-44db-ae4a-933851da64d6,pretence.uk,available,6.49,6.49,medium,low,8,namesilo,,,25/09/2026 16:31
52934926-1245-423e-8545-76a062519fb1,baksheesh.uk,available,6.49,6.49,medium,low,9,namesilo,,,21/09/2026 15:52
608c6993-6edc-4d20-bfa3-37bd7db4d834,binghamton.uk,available,6.98,9.98,medium,low,10,namecheap,,,23/09/2026 17:34
0c6851c8-b86e-4d33-ab19-9151c686f41d,conventionally.uk,available,6.49,6.49,medium,low,14,namesilo,,,
1d98d80d-645b-4baa-af67-7bf2c4c2e717,anthriscus.uk,available,6.98,9.98,medium,low,10,namecheap,,,19/09/2026 13:53
6fd9fbf3-d02d-455f-8854-627910bdbcea,pathless.uk,available,6.49,6.49,medium,low,8,namesilo,,,08/09/2026 10:25
68b49a58-f992-41e8-89d1-1b8d1d94b6ca,spontaneity.uk,available,6.49,6.49,high,low,11,namesilo,,,
ba615a1b-df0b-4c76-a642-49b9132a4885,deceiver.uk,available,6.49,6.49,medium,low,8,namesilo,,,23/09/2026 02:29
45c4acbf-169d-4953-85e5-56fa996ae92e,dreamfully.uk,available,6.49,6.49,medium,low,10,namesilo,,,14/09/2026 14:19
a258a5dc-0abf-4d1b-a551-a697b31cba3e,handled.uk,resell,,,high,low,7,Global Domains Limited t/a Global Domains Limited,24/04/2019 11:18,24/04/2027 11:18,26/09/2026 06:33
81597bf0-615d-4f9c-affb-775955da4bc2,assumption.uk,available,6.49,6.49,medium,low,10,namesilo,,,20/09/2026 16:39
8ea9e272-f998-45a9-a03a-b136e648795b,aflare.uk,available,6.49,6.49,medium,low,6,namesilo,,,
7342455f-dc6a-483a-978e-9c26267eecd9,psychiatrist.uk,resell,,,high,low,12,,,,27/09/2026 16:44
64b71cbf-6655-4ed5-a188-9f71ab34a9b1,germfree.uk,available,6.49,6.49,medium,low,8,namesilo,,,18/08/2026 22:48
5d0dfeb7-522f-4923-8b6c-c67276f7e107,papal.uk,available,6.49,6.49,medium,low,5,namesilo,,,06/08/2026 04:09
8073bb21-425a-469f-84de-d26849bc6097,perplexing.uk,available,6.98,9.98,medium,low,10,namecheap,,,08/09/2026 17:58
0bc65bd7-a146-4cc6-ae9c-2da3ec3bd86d,poitiers.uk,available,6.49,6.49,medium,low,8,namesilo,,,22/09/2026 15:48
dc4c5b05-8f1e-40e1-9c92-f2655b908343,blaeberry.uk,available,6.49,6.49,medium,low,9,namesilo,,,23/09/2026 15:39
486f34b1-8dd8-447e-9926-ed5f5b04f9ba,faultless.uk,available,6.49,6.49,high,low,9,namesilo,,,18/08/2026 00:05
e769c47f-54b0-4c51-bd86-3e49095f215d,semisolid.uk,available,6.49,6.49,medium,low,9,namesilo,,,10/09/2026 03:26
bf455c35-71b0-4b19-8897-c94f646057a2,papered.uk,available,6.98,9.98,low,low,7,namecheap,,,21/09/2026 10:14
4ec80362-916a-41c4-9108-de2925c87b34,strung.uk,available,6.49,6.49,medium,low,6,namesilo,,,10/09/2026 22:54
73d90729-523e-495e-a3ed-a383f3be1b8d,barbacan.uk,available,6.49,6.49,medium,low,8,namesilo,,,22/09/2026 04:19
51befc9d-151a-4428-b61b-b60ea3e33d54,stannic.uk,available,6.49,6.49,low,low,7,namesilo,,,10/09/2026 18:41
0e9317dc-4979-4b2b-852b-ab43ae2d8b1f,ruminant.uk,resell,,,high,medium,8,ANY-Web Limited,23/02/2017 20:01,23/02/2027 20:01,26/09/2026 08:45
9a1c891e-172f-4f7f-b0a4-8b267f9ac3e1,exalted.uk,resell,,,high,low,7,Premkumar Veerabadran t/a sitekart,20/03/2026 09:48,20/03/2027 09:48,26/09/2026 05:55
588f96c2-affb-45cc-a1f1-acaa0386c4ad,runyon.uk,available,6.49,6.49,medium,low,6,namesilo,,,18/09/2026 06:27
adc393d2-c8cc-44b6-b9e7-ac832b1acebb,uboat.uk,available,6.49,6.49,medium,low,6,namesilo,,,11/09/2026 00:23
2c281283-adaf-470c-a368-a75c4a6a54f6,apercu.uk,available,6.49,6.49,medium,low,6,namesilo,,,19/09/2026 16:30
c674d9cd-6aad-44eb-af3c-4bf65b7804b8,whisking.uk,available,6.49,6.49,medium,low,8,namesilo,,,
6e259e80-6695-4e59-9897-f8e3d6c143df,beatified.uk,available,6.49,6.49,medium,low,9,namesilo,,,09/08/2026 05:53
7e10208b-99a7-47fe-b032-ba9874223452,uncarved.uk,available,6.49,6.49,medium,low,8,namesilo,,,12/09/2026 04:48
5d307daa-4f09-4c0f-882b-8cba7216b66a,bermudian.uk,available,6.49,6.49,medium,low,9,namesilo,,,09/08/2026 15:15
e8d04989-02eb-4c55-9d2f-3649a0dc19d9,roosevelt.uk,resell,,,medium,low,9,Porkbun LLC,23/01/2026 22:10,23/01/2027 22:10,26/09/2026 08:44
4b7e485b-5229-4525-8ca2-d1befb4a0bce,potently.uk,available,6.98,9.98,medium,low,8,namecheap,,,15/09/2026 21:07
012d4058-fdea-4f9b-a6c3-cd93a4846f6c,osseous.uk,available,6.98,9.98,medium,low,7,namecheap,,,04/09/2026 18:18
c5df5d45-87bd-413a-a3e5-b5641288b488,morose.uk,available,6.49,6.49,medium,low,6,namesilo,,,20/08/2026 15:01
895244f9-5567-432d-9088-5bbb1aada50f,immovable.uk,resell,,,medium,low,9,Ionos SE,05/06/2024 10:36,05/06/2027 10:36,26/09/2026 06:49
6656f40c-95a9-46a5-98ea-2d9aa30a1026,barack.uk,available,6.49,6.49,high,low,6,namesilo,,,28/09/2026 07:27
f5bc93c9-d52b-42c1-ba3a-b7646fd1d789,follower.uk,resell,,,high,low,8,Tool Domains EOOD t/a Edoms.com,07/06/2023 14:03,07/06/2027 14:03,26/09/2026 06:11
3e1caf6c-c404-40d0-960e-a9c8f237a81e,choking.uk,available,6.49,6.49,medium,low,7,namesilo,,,24/09/2026 14:44
ffe862fb-a6f1-490c-b7a1-a0c10a90d2ac,wheaten.uk,available,6.49,6.49,medium,low,7,namesilo,,,13/09/2026 11:15
6ca7f0c1-1196-443c-b1fb-0a5346e46d5b,semiotic.uk,available,6.49,6.49,medium,low,8,namesilo,,,10/09/2026 03:13
ac4f198e-15b0-4b23-b1a6-cf4029cfbbad,iraqi.uk,resell,,,high,low,5,OpusDNS GmbH,14/06/2022 22:40,14/06/2027 22:40,26/09/2026 06:57
9df1dc83-d2c1-44c1-9806-7aa489bf57c1,enter.uk,resell,,,high,low,5,Tool Domains EOOD t/a Edoms.com,16/03/2019 17:16,16/03/2027 17:16,26/09/2026 05:51
b03a197c-fd80-495a-b1b1-da103ece746b,crinoid.uk,available,6.49,6.49,medium,low,7,namesilo,,,13/08/2026 06:58
8efadd69-5752-480d-a081-32f33cc53e86,lakh.uk,available,6.49,6.49,medium,low,4,namesilo,,,21/08/2026 15:36
536afb93-2754-4467-a9a6-1c3627b8a2d0,slue.uk,available,6.49,6.49,high,medium,4,namesilo,,,10/09/2026 06:20
48137802-1932-4018-8ba2-38ac5980c924,tendency.uk,resell,,,high,low,8,Elena Berditchevsky t/a New Archetype Media,07/05/2021 15:32,07/05/2027 15:32,26/09/2026 09:33
a6dbd44b-79cc-4333-8c6f-efb40bc65f2b,outwards.uk,available,6.98,9.98,medium,low,8,namecheap,,,04/09/2026 19:50
a89f1501-06dc-4fe6-8a36-952f7ad0d0e0,overhanded.uk,available,6.98,9.98,medium,low,10,namecheap,,,04/09/2026 20:12
4c7c75e5-ee6a-4c8b-8216-785ad273d095,punic.uk,available,6.98,9.98,medium,low,5,namecheap,,,11/08/2026 19:51
1e1eef7a-7218-42fd-bdce-aa5dadca1934,boondocks.uk,available,6.49,6.49,medium,low,9,namesilo,,,21/09/2026 14:32
90b3cef5-0767-4b32-9e6f-0a920b8d6099,synovial.uk,available,6.49,6.49,medium,low,8,namesilo,,,11/09/2026 06:37
300f4ee8-59a4-486e-81cd-4e7c50e80562,baneberry.uk,available,6.49,6.49,medium,low,9,namesilo,,,22/09/2026 01:43
3611869a-4ff0-417f-896f-72a370ea6520,snuffle.uk,available,6.49,6.49,high,medium,7,namesilo,,,10/09/2026 12:50
00e2a38f-366e-4094-9243-90434e59438f,waning.uk,available,6.49,6.49,medium,low,6,namesilo,,,13/09/2026 08:04
1836d6d1-6722-4b0d-a18c-38ec464f79e8,toured.uk,available,6.49,6.49,medium,low,6,namesilo,,,20/09/2026 05:39
4859f025-db98-4390-856a-ab68e3035d21,ascription.uk,available,6.49,6.49,medium,low,10,namesilo,,,20/09/2026 13:27
e8f2f77c-6be0-4e73-a5d7-b183a6a356cd,booked.uk,resell,,,high,low,6,The Bank Agency Ltd,07/06/2024 13:59,07/06/2027 13:59,26/09/2026 04:32
ed6efb4b-5277-440e-83a6-6508e11b0bb4,kennelly.uk,available,6.49,6.49,medium,low,8,namesilo,,,16/09/2026 12:58
82bc5db1-71d4-40d1-b745-4c8ba2bae1ad,arng.uk,available,6.49,6.49,medium,low,4,namesilo,,,20/09/2026 08:02
e31097a0-1793-4ade-8f8e-546012ccc23a,grizzled.uk,available,6.98,9.98,medium,low,8,namecheap,,,20/08/2026 20:11
ce5ca474-0121-48af-822a-5b68188dae68,bruising.uk,available,6.49,6.49,medium,low,8,namesilo,,,11/08/2026 06:34
e8b569f9-3c08-4a7a-b73d-9523c3afdefd,deterrent.uk,available,6.49,6.49,medium,low,9,namesilo,,,14/08/2026 04:48
34d506a6-902c-45dc-82df-1147d9be1d60,runs.uk,resell,,,high,low,4,Premkumar Veerabadran t/a sitekart,10/01/2026 14:00,10/01/2027 14:00,26/09/2026 08:46
4087af31-b517-45cb-84d5-b08be37491aa,acardia.uk,available,6.98,9.98,medium,low,7,namecheap,,,16/09/2026 21:17
5d6ee573-58f6-4c44-a677-b46ef03c57ed,bearberry.uk,available,9.99,11.99,medium,low,9,name.com,,,22/09/2026 20:57
f434d51f-b8eb-4852-8835-8ca74bf35b0d,cockamamy.uk,available,6.49,6.49,low,low,9,namesilo,,,12/08/2026 14:49
8dc301ec-e25d-46a9-904b-ab7e802ad6fa,concord.uk,resell,,,high,low,7,R Karpis,31/03/2019 18:24,31/03/2028 18:24,26/09/2026 05:10
cee90c08-36fd-44ad-b9a2-c022382a4cc0,blankness.uk,available,6.49,6.49,medium,low,9,namesilo,,,24/09/2026 04:02
afc79842-f0a3-41aa-a7ba-7726156e8631,birchbark.uk,available,6.98,9.98,medium,low,9,namecheap,,,23/09/2026 19:23
8e5a292c-15f4-488e-be1c-443d64570c92,beira.uk,available,6.49,6.49,medium,low,5,namesilo,,,23/09/2026 04:20
7deccf13-3927-4e56-8da8-83bcc66af73e,geniality.uk,available,6.98,9.98,high,low,9,namecheap,,,17/09/2026 14:00
82a71dd0-1b3a-4915-98f5-6a8ffb92354f,harpo.uk,available,6.49,6.49,high,medium,5,namesilo,,,20/09/2026 11:01
14d39187-ecaf-429c-a7dc-04da72bcf1e7,checkroom.uk,available,6.98,9.98,medium,low,9,namecheap,,,24/09/2026 14:04
88ad1f3c-dd9f-4167-ba18-5457337b2cee,proposition.uk,available,6.49,6.49,high,low,11,namesilo,,,28/09/2026 03:24
cf3850bd-a727-4006-bd4f-1b0a4c1462b2,ordering.uk,resell,,,high,low,8,,,,27/09/2026 15:05
1548ce2c-60db-4000-a90c-65a509eb8a6b,equine.uk,resell,,,high,low,6,123-Reg Limited t/a 123-reg,11/06/2014 14:12,11/06/2027 14:12,26/09/2026 05:52
8c000850-ed9d-4acb-bc7e-1cd1acd5bd67,annalist.uk,available,6.49,6.49,medium,low,8,namesilo,,,19/09/2026 10:03
4fb6a8aa-bfbf-4805-974a-1e8b12517e27,polynomials.uk,available,6.49,6.49,medium,low,11,namesilo,,,27/09/2026 09:22
768a4ca0-06c3-4fd0-98c7-b9fec7370857,talismanic.uk,available,6.49,6.49,medium,low,10,namesilo,,,11/09/2026 07:30
d9ce5d8c-fbff-4f6b-b149-2b42eccde96c,weaned.uk,available,6.49,6.49,medium,low,6,namesilo,,,13/09/2026 08:53
b16344cb-d97c-4192-b020-1346d2e7c2ae,energising.uk,resell,,,medium,low,10,Namecamp Limited t/a Yay.com,10/09/2025 15:24,10/09/2027 15:24,26/09/2026 05:50
2f6c1c93-0fe6-4541-972a-6caba53b11b0,insulting.uk,available,6.49,6.49,medium,low,9,namesilo,,,23/09/2026 21:52
0d9df440-0c58-4b50-be13-62dd9683b335,introduce.uk,resell,,,high,low,9,Enterfirst Ltd,03/07/2019 13:01,03/07/2027 13:01,26/09/2026 06:56
2efb8370-5421-4fe1-8d94-f1581ee85ab4,unrealised.uk,available,6.49,6.49,medium,low,10,namesilo,,,12/09/2026 11:02
ab0e0d67-7546-4664-905d-3c982306c73a,downfall.uk,available,6.49,6.49,medium,low,8,namesilo,,,24/09/2026 23:39
85239415-9a1f-448e-bab7-2a6548b58a2b,exorbitant.uk,available,6.49,6.49,medium,low,10,namesilo,,,17/08/2026 17:36
544a2cf1-03df-4ab3-8aad-5975fdce6221,chivalrous.uk,available,6.49,6.49,high,low,10,namesilo,,,12/08/2026 06:14
9600d34a-dddb-4bb8-8162-d697ddf43c6e,albers.uk,available,6.49,6.49,high,low,6,namesilo,,,18/09/2026 02:34
081a0f83-2b71-4bd5-800a-2b21db852c0b,truer.uk,available,6.49,6.49,medium,low,5,namesilo,,,20/09/2026 05:56
989b7fee-95fc-4ff8-b2db-5764bc7f2a07,remember.uk,resell,,,high,low,8,Gherkin Domains Ltd,04/07/2019 13:00,04/07/2027 13:00,26/09/2026 08:35
a5a9f192-2e7a-4992-b67c-2ff301d65c41,deformity.uk,available,6.98,9.98,medium,low,9,namecheap,,,24/09/2026 21:21
3e481f71-25f8-4fd5-a6a4-9f1623fabba7,cigarette.uk,resell,,,high,low,9,Charles Scott t/a Domain Holdings UK,28/02/2019 10:21,29/02/2028 10:21,26/09/2026 04:56
2cca436a-f83b-4adf-a89b-b9f3e80f4d90,separation.uk,resell,,,high,low,10,"Namecheap, Inc.",10/11/2021 11:21,10/11/2026 11:21,26/09/2026 08:55
aa2f731d-6ae1-4cf4-add4-d62d65317a7c,clanking.uk,available,6.49,6.49,medium,low,8,namesilo,,,12/08/2026 09:33
e0f48e1f-cd02-4d03-b03c-361cadcf0587,arariba.uk,available,6.49,6.49,medium,low,7,namesilo,,,20/09/2026 00:13
37f5d304-55bb-4ea7-841c-da0cb81fc3f1,acarine.uk,available,6.98,9.98,medium,low,7,namecheap,,,16/09/2026 21:33
e1049b08-2d56-478c-85a8-0aa8c44e7e4a,impossibly.uk,available,6.49,6.49,medium,low,10,namesilo,,,15/09/2026 04:27
6e0c10af-bee4-4761-aa1d-4f8e5891002e,cucumber.uk,resell,,,high,low,8,Childcare Limited,20/03/2019 11:36,20/03/2028 11:36,26/09/2026 05:21
52ccd6ed-22a3-4259-96fa-e7e594d10f77,traps.uk,resell,,,high,low,5,Global Domains Limited t/a Global Domains Limited,19/03/2019 11:52,19/03/2027 11:52,26/09/2026 09:44
db3a382c-4796-4928-b6ae-b79bdcf812fb,cleave.uk,resell,,,medium,low,6,ANY-Web Limited,12/07/2019 09:45,12/07/2027 09:45,26/09/2026 04:58
479c6798-12c5-4d98-8acf-eb33ec596874,doped.uk,available,6.49,6.49,medium,low,5,namesilo,,,14/08/2026 15:59
357b6c14-051d-41ce-887d-de2503460391,slur.uk,resell,,,medium,low,4,Kovalent Pty Ltd t/a Kovalent,04/07/2019 13:11,04/07/2027 13:11,26/09/2026 09:05
7e5c112c-c3f0-4533-bd78-dd5746520db7,blatta.uk,available,6.49,6.49,medium,low,6,namesilo,,,24/09/2026 04:54
72ef8fdd-5419-427c-9311-ec9087824f98,opportunities.uk,resell,,,medium,low,13,,,,28/09/2026 08:42
89fdb3de-1230-4a1d-96ba-30bbea5723ee,biloxi.uk,available,6.98,9.98,high,low,6,namecheap,,,23/09/2026 16:52
39588640-0862-4077-8af7-75c7fc816db3,peking.uk,resell,,,medium,low,6,Landlord Mortgages Limited,24/06/2019 08:11,24/06/2027 08:11,26/09/2026 08:05
9afc3f05-b740-4a34-8700-c90c4270625b,nonpolar.uk,available,6.98,9.98,medium,low,8,namecheap,,,03/09/2026 20:17
43273ef0-c8a2-4003-8863-2f91dbaa1472,cloisonne.uk,available,6.49,6.49,medium,low,9,namesilo,,,12/08/2026 01:39
c7a964cd-3de7-4635-9a15-4e1b821185fe,plausibly.uk,available,6.49,6.49,medium,low,9,namesilo,,,14/09/2026 09:28
5542d986-386f-4d9c-be65-b90bfc515f63,lightwood.uk,resell,,,medium,low,9,ANY-Web Limited,21/03/2019 18:09,21/03/2027 18:09,26/09/2026 07:14
66e4cd57-7b0c-4ba0-b5f9-c9b6113129d1,sapodilla.uk,available,6.49,6.49,medium,low,9,namesilo,,,17/09/2026 00:57
040ef374-bada-4eef-a798-c5e71cb1a23c,exchanged.uk,available,6.49,6.49,high,low,9,namesilo,,,17/08/2026 16:20
bcd73607-77dc-48b5-b984-0c929e8f2e63,pyaemic.uk,available,6.49,6.49,high,medium,7,namesilo,,,09/09/2026 06:49
6ab4ea3b-0540-4360-bec2-963e679a6896,craftsman.uk,resell,,,high,low,9,Ionos SE,12/12/2016 17:57,12/12/2026 17:57,26/09/2026 05:18
2b6bad63-5ac3-4aa3-b28f-a1c3a85a3ec8,appetence.uk,available,6.49,6.49,medium,low,9,namesilo,,,19/09/2026 20:44
c5754c1e-6a81-45be-8ebd-8308fc652da1,tiered.uk,available,6.49,6.49,medium,low,6,namesilo,,,11/09/2026 15:49
77fa2940-5971-4a72-b121-ba39251bc2e7,bended.uk,available,6.49,6.49,low,low,6,namesilo,,,09/08/2026 14:15
be588697-f478-4824-8f5b-7a73c165caf8,branched.uk,available,6.98,9.98,high,low,8,namecheap,,,09/08/2026 20:12
abd0d07a-1d0b-44cd-bbdc-9afa59eba0b3,sessions.uk,resell,,,high,low,8,,,,28/09/2026 03:02
2a8b5a9b-9346-483e-9f88-f6b7b1924cb8,nonunion.uk,available,6.98,9.98,medium,low,8,namecheap,,,03/09/2026 20:58
a39693ee-d482-4e8b-ac71-6ee57d256615,compressed.uk,available,6.98,9.98,high,low,10,namecheap,,,23/09/2026 18:05
60bf3ba1-64dc-4453-a2c5-ad32423305c2,forcible.uk,available,6.49,6.49,medium,low,8,namesilo,,,18/08/2026 11:19
568ddf20-c229-4665-82fe-acb757a8c171,paneled.uk,available,6.49,6.49,medium,low,7,namesilo,,,05/09/2026 00:50
4a16e7df-16ba-46b7-9fb2-1e9530d43ea6,agitprop.uk,available,6.98,9.98,medium,low,8,namecheap,,,17/09/2026 18:14
ba545705-3a07-4897-a4d1-65f743c9f627,batwing.uk,available,6.49,6.49,medium,low,7,namesilo,,,09/08/2026 01:49
51b9cc1b-084f-4807-bc50-5e981d5bb840,moosewood.uk,available,6.49,6.49,medium,low,9,namesilo,,,16/09/2026 23:36
dc259317-84ef-4cab-988a-cdd21b73ba3e,puzzlement.uk,available,6.49,6.49,medium,low,10,namesilo,,,21/09/2026 17:39
458c5722-80a9-4b4f-ac87-f4dbe9d68d6e,loses.uk,available,6.98,9.98,medium,low,5,namecheap,,,27/09/2026 11:07
ad6d24bc-d174-4910-8fa4-ec84028a05d7,nun.uk,resell,,,high,low,3,"GoDaddy.com, LLC.",04/07/2019 13:00,04/07/2027 13:00,26/09/2026 07:50
7bd24ea9-c8db-43cc-9478-d372797afcd9,unmoved.uk,available,6.49,6.49,medium,low,7,namesilo,,,21/08/2026 23:45
16f159b2-0bd4-4b20-9521-fb9e3fcca702,unfunded.uk,available,6.49,6.49,medium,low,8,namesilo,,,12/09/2026 11:04
991a3c13-5720-4cba-8eb1-0d5626cc38e8,charnel.uk,available,6.49,6.49,low,low,7,namesilo,,,12/08/2026 02:37
e6166a89-ae2b-4152-8c61-1c8e6e79a63c,assaulter.uk,available,6.49,6.49,medium,low,9,namesilo,,,17/09/2026 17:42
b3cff9d6-8e2a-44d9-b6d6-625f4ea0bf38,seamed.uk,available,6.49,6.49,medium,low,6,namesilo,,,10/09/2026 00:45
e74a0c07-7eb2-4872-90ec-083a938fbfc2,spiceberry.uk,available,6.98,9.98,medium,low,10,namecheap,,,20/09/2026 03:12
95fbd32d-2684-4f8f-ab0e-05fcb32caa63,dickensian.uk,available,6.49,6.49,medium,low,10,namesilo,,,14/08/2026 06:25
611e1c55-1136-4e63-ba8d-70869a3e3f0e,maniacal.uk,available,6.49,6.49,medium,low,8,namesilo,,,24/08/2026 14:55
a9f71cfc-09a6-43a6-b982-d516980b07ba,graduate.uk,resell,,,high,low,8,Global Domains Limited t/a Global Domains Limited,24/04/2019 11:18,24/04/2027 11:18,26/09/2026 06:28
1549ff14-b7d2-4594-a5d9-98d0db408149,incurably.uk,available,6.49,6.49,medium,low,9,namesilo,,,15/09/2026 07:45
281923b5-927c-4ec2-955e-a527aab4e452,airframe.uk,available,6.49,6.49,high,low,8,namesilo,,,17/09/2026 23:10
8a353f6e-9a92-403b-bd97-1039b4d3682b,bahamian.uk,available,6.49,6.49,medium,low,8,namesilo,,,08/08/2026 08:31
f39b7187-13ae-4b52-a843-067e7a94114b,badmouth.uk,available,6.49,6.49,medium,low,8,namesilo,,,24/08/2026 14:04
ef339388-5a32-4d5b-990d-2a93edc39521,coaxial.uk,available,6.49,6.49,medium,low,7,namesilo,,,12/08/2026 14:16
12d17b63-cb65-4d9e-aea4-e751c889f66d,alienate.uk,resell,,,medium,low,8,"GoDaddy.com, LLC.",05/02/2025 07:02,05/02/2027 07:02,26/09/2026 03:47
f18e34f2-a6c9-4c13-b615-ff9128f9e2ef,fittest.uk,resell,,,medium,low,7,Dave Searle,25/06/2020 11:43,25/06/2027 11:43,26/09/2026 06:06
5e22a918-0cac-467f-bb40-ebb502182f98,ordained.uk,available,6.49,6.49,medium,low,8,namesilo,,,13/08/2026 22:16
6c1f947c-69bc-48d7-a3f3-b74375ea2dee,apus.uk,resell,,,medium,low,4,ANY-Web Limited,24/06/2019 04:48,24/06/2027 04:48,26/09/2026 03:57
9296b359-9e6f-4c39-97a0-448c3a67993d,moonlike.uk,available,6.49,6.49,medium,low,8,namesilo,,,25/08/2026 05:49
c8f60206-d8b4-44af-9ee3-416f602a6c5f,quixotic.uk,resell,,,medium,low,8,Dave Searle,02/03/2021 17:46,02/03/2027 17:46,26/09/2026 08:27
89ccff84-e59c-4953-b0a5-7144b074e6eb,exaggerate.uk,available,6.49,6.49,high,low,10,namesilo,,,
c5b27e94-1cdf-4cb3-a0e9-f08e9e231404,owed.uk,resell,,,medium,low,4,,,,27/09/2026 17:35
eb6d843a-0cc5-49c1-a8b7-bcae2eee11c7,balbriggan.uk,available,6.98,9.98,medium,low,10,namecheap,,,21/09/2026 21:25
4d9af54f-e1c7-4cbc-bcdd-452d5e469477,clathrate.uk,available,6.49,6.49,medium,low,9,namesilo,,,11/08/2026 16:23
cc674e22-0131-4827-9adc-6a6e2bf6cc20,retinal.uk,resell,,,high,low,7,ANY-Web Limited,25/06/2020 04:07,25/06/2027 04:07,26/09/2026 08:39
9ca7f999-a612-4445-b8cb-2a5fd734d1d9,bipolar.uk,resell,,,high,low,7,Garner Media Ltd,12/12/2024 09:28,12/12/2026 09:28,26/09/2026 04:26
c7ed5618-d04e-4c0d-ba1a-ba671f2b5d71,ripening.uk,available,6.49,6.49,high,low,8,namesilo,,,
46d21906-2525-441e-841c-681910e5688c,instagrammable.uk,available,6.49,6.49,medium,low,14,namesilo,,,
a2936d67-8656-41e0-b096-51a9838cb3ca,sluicing.uk,available,6.49,6.49,medium,low,8,namesilo,,,10/09/2026 11:31
7720c391-efc6-4ce3-896f-ca1bdc7ed9f3,pulmonic.uk,available,6.49,6.49,high,medium,8,namesilo,,,09/09/2026 05:55
c40aaf11-fba3-4d67-b055-f7ea4548c3f0,ppp.uk,resell,,,high,low,3,Tool Domains EOOD t/a Edoms.com,04/07/2019 13:00,04/07/2027 13:00,28/09/2026 06:33
6a02d23a-8e33-45a6-82d4-189aa3771f5a,castrate.uk,available,6.49,6.49,medium,low,8,namesilo,,,16/08/2026 07:07
c77bb940-e2f4-4ab7-8654-59b0191c6d5e,relieved.uk,available,6.49,6.49,high,low,8,namesilo,,,
86b39069-2687-4025-9963-d9ed6f1c3087,ripping.uk,available,6.49,6.49,medium,low,7,namesilo,,,09/09/2026 13:59
654b8ddf-38f8-4463-a2c7-a6fa6551a990,peeled.uk,available,6.49,6.49,medium,low,6,namesilo,,,08/08/2026 18:24
c8820108-8f14-4fa8-b666-d032da4fa6f4,trial.uk,resell,,,high,low,5,UMKY Limited t/a UMKYSEO,05/07/2019 13:00,05/07/2027 13:00,26/09/2026 09:45
28c45385-a1f8-4571-89f3-d76a605cc4eb,sandhopper.uk,available,6.49,6.49,medium,low,10,namesilo,,,22/09/2026 18:44
61d49012-f67b-4553-8b1b-ec8ce234ce0b,avicennia.uk,available,6.49,6.49,medium,low,9,namesilo,,,21/09/2026 09:24
0e0bc844-37d2-493f-a15e-1207ddfb6eeb,lens.uk,resell,,,high,medium,4,"Dynadot, LLC t/a Dynadot",03/07/2019 13:00,03/07/2027 13:00,26/09/2026 07:12
6020baa6-4fca-44a5-828f-6b6006da2b2d,angevine.uk,available,6.49,6.49,medium,low,8,namesilo,,,19/09/2026 06:07
16ee7ea4-3abe-4e6f-890e-c5a442fe2e3d,venice.uk,resell,,,high,low,6,,,,28/09/2026 03:15
a81de350-1d3b-4a72-8976-f47589838e9f,underbred.uk,available,6.49,6.49,high,medium,9,namesilo,,,10/08/2026 22:18
dfe6b999-dc29-49f5-87b6-dbb848aa1814,sacculated.uk,available,6.98,9.98,high,medium,10,namecheap,,,09/09/2026 20:36
a2e85f86-0985-4980-b18d-8887cb8919cc,excitable.uk,available,6.49,6.49,medium,low,9,namesilo,,,17/08/2026 16:22
6013d7b3-d986-4e07-b6fb-cb57bd2a6d7f,sterilized.uk,available,6.98,9.98,medium,low,10,namecheap,,,10/09/2026 20:11
38bbaf5e-de61-4d81-a3c5-0818222c4cf7,belonged.uk,available,6.49,6.49,medium,low,8,namesilo,,,27/09/2026 10:31
d9c9101b-2b1c-4fab-a007-dd86fe02524a,eased.uk,available,6.49,6.49,high,low,5,namesilo,,,
70485f93-160d-49cf-8e89-1a3f7dc011e6,acrylate.uk,available,6.49,6.49,medium,low,8,namesilo,,,17/09/2026 04:05
b2c65f55-d437-40a9-af2d-e0521b1e2e37,dawn.uk,resell,,,high,low,4,"GoDaddy.com, LLC.",02/07/2019 13:00,02/07/2027 13:00,28/09/2026 01:54
0451abaf-f6ec-4e56-af4a-46c561ff32bf,bailment.uk,available,9.99,11.99,medium,low,8,name.com,,,21/09/2026 19:09
71c05e7c-c4ef-43e5-badd-4312e26ab61b,husband.uk,resell,,,high,low,7,Vital Domains Ltd,27/03/2019 00:03,26/03/2028 23:03,26/09/2026 06:46
cb8ef762-3c28-4cb2-92e6-0adf085e5eb5,mashhad.uk,available,6.98,9.98,medium,low,7,namecheap,,,24/08/2026 20:59
d135141a-087c-4443-b515-d33f8cbe60db,equanimous.uk,available,6.49,6.49,medium,low,10,namesilo,,,17/08/2026 11:37
84219bdf-4309-4367-b708-6189b9d9dfde,arrester.uk,available,6.49,6.49,medium,low,8,namesilo,,,20/09/2026 09:09
7706a3d2-e101-48f3-a0a7-89cf4747df9a,marketable.uk,available,6.49,6.49,high,low,10,namesilo,,,24/08/2026 16:04
6d701f3a-994f-47ce-91c8-ead98087d4a9,recessed.uk,available,6.49,6.49,medium,low,8,namesilo,,,13/08/2026 22:57
6770c3af-373e-4678-b6d2-d1883e239bfa,bolshie.uk,available,6.98,9.98,medium,low,7,namecheap,,,10/08/2026 17:55
3d2390ef-c64e-49f9-bdad-79f5bd31c725,theropod.uk,available,6.98,9.98,medium,low,8,namecheap,,,23/09/2026 19:39
5359873e-f367-45af-88df-d85c6fe776bb,antabuse.uk,available,6.49,6.49,medium,low,8,namesilo,,,19/09/2026 12:24
7f90dc5f-9526-40ca-b04c-689bdd206c74,sophistic.uk,available,6.49,6.49,medium,low,9,namesilo,,,10/09/2026 14:15
1cc2146e-5648-4455-8491-49f962f10d24,saporous.uk,available,6.49,6.49,medium,low,8,namesilo,,,18/08/2026 07:16
783cb211-245d-4901-8931-7b985d923cab,backed.uk,resell,,,high,low,6,William Zurawel,16/12/2023 22:44,16/12/2026 22:44,26/09/2026 04:12
bfdd7dc7-81bc-49f4-aca6-43a1b8153fb9,salim.uk,resell,,,medium,low,5,Tool Domains EOOD t/a Edoms.com,18/01/2020 06:06,18/01/2027 06:06,26/09/2026 08:47
c0f617b0-f6ce-44d3-ac0e-3d689fcca5cd,roomily.uk,available,6.49,6.49,medium,low,7,namesilo,,,16/09/2026 00:01
0a95ad94-c2b0-484e-9071-73fb7d8ef418,raiseable.uk,available,6.49,6.49,high,medium,9,namesilo,,,09/09/2026 09:52
4aa4cfb7-6bfa-4185-ab38-d202791589de,substrates.uk,available,6.98,9.98,medium,low,10,namecheap,,,25/09/2026 21:45
d09f4d31-6ecc-4bfe-b083-3bbbccdb0241,identify.uk,resell,,,high,low,8,ANY-Web Limited,11/12/2018 18:31,11/12/2026 18:31,26/09/2026 06:47
027a4ee2-26e3-4d49-b7d7-8cff3c6abdd1,ossified.uk,available,6.49,6.49,medium,low,8,namesilo,,,18/08/2026 13:15
0bf08bf4-e369-4696-91cc-5b1b55676bad,quitting.uk,resell,,,medium,low,8,The Fluidconnections Co (UK) Ltd,04/07/2019 13:02,04/07/2028 13:02,26/09/2026 08:27
69cfa0d8-3418-43fc-9b13-cc2a5383bcfd,misprint.uk,available,6.98,9.98,medium,low,8,namecheap,,,24/08/2026 02:49
8ee61834-1953-491f-9e0f-29fd0f9bdecf,urbanized.uk,available,6.49,6.49,medium,low,9,namesilo,,,12/09/2026 23:29
40cd1bda-1d4a-4b3f-a657-d46282a09cf5,nominee.uk,resell,,,high,low,7,ANY-Web Limited,16/12/2018 08:24,16/12/2026 08:24,26/09/2026 07:48
653de63e-d6a5-4806-ae6d-8a06b0e32e85,sixpenny.uk,resell,,,high,low,8,ANY-Web Limited,21/03/2019 19:10,21/03/2027 19:10,26/09/2026 09:03
8e846ca0-52d8-44e4-a14c-553e679479ae,stretches.uk,available,6.49,6.49,medium,low,9,namesilo,,,18/09/2026 07:56
04bd5a70-027c-477a-b183-99ef374d9260,alborg.uk,available,6.98,9.98,medium,low,6,namecheap,,,16/09/2026 13:12
bb05de5a-6965-4942-8c0f-94a6f772a328,fremont.uk,resell,,,medium,low,7,,,,27/09/2026 04:04
955d9834-66f5-4f88-84d2-c63b414f819a,saccadic.uk,available,6.49,6.49,high,medium,8,namesilo,,,09/09/2026 20:35
a26cef2a-cc70-4f3d-a26c-3a1d9f86fcd7,operation.uk,resell,,,high,low,9,Richard Kandler t/a Nameplace,04/07/2019 13:00,04/07/2027 13:00,28/09/2026 02:52
e7cdc63d-5816-4c6f-9643-b7efda983f2f,piecemeal.uk,available,6.49,6.49,high,low,9,namesilo,,,10/08/2026 07:07
b1630c07-2acc-4246-8f0c-6f1b15e3e510,compeer.uk,available,6.49,6.49,medium,low,7,namesilo,,,17/08/2026 11:35
7da0b86a-f6f1-43dd-9bf0-02747fe5e4bf,salable.uk,available,6.98,9.98,high,medium,7,namecheap,,,09/09/2026 20:50
b8e79bf0-484f-43d4-a932-fb7327a035ad,lifelessly.uk,available,9.99,11.99,low,low,10,name.com,,,13/08/2026 19:35
557305e8-40a8-4519-9a62-b6e9e5ad6917,rosie.uk,resell,,,high,low,5,,,,27/09/2026 19:47
d079ebe0-d568-40d6-8e40-dc2d4885945a,disgorge.uk,available,6.49,6.49,high,medium,8,namesilo,,,10/09/2026 07:35
ad528eff-abfc-4264-af29-d7443333e31f,crucially.uk,available,6.49,6.49,medium,low,9,namesilo,,,14/09/2026 09:50
a7378e54-0daf-4499-a65c-2f7101e1a188,sauciness.uk,available,6.49,6.49,medium,low,9,namesilo,,,20/09/2026 02:25
8f36f1b7-3425-400e-90ee-e11012bf8690,unfaithful.uk,available,6.98,9.98,medium,low,10,namecheap,,,17/08/2026 21:18
f08bb7af-6b6f-4034-99df-49da8464e25c,skyward.uk,resell,,,high,low,7,ANY-Web Limited,23/01/2018 13:18,23/01/2027 13:18,26/09/2026 09:04
bf97df5e-8d2c-4e91-9805-4b6523bddf89,anhydrous.uk,available,6.49,6.49,medium,low,9,namesilo,,,
55dea65b-96c3-45b5-b07f-cb85c64468a6,beshrew.uk,available,9.99,11.99,medium,low,7,name.com,,,13/08/2026 16:19
aadb9bb3-16b6-4994-8c59-7dd0972e555d,apostolic.uk,resell,,,medium,low,9,ANY-Web Limited,25/04/2018 22:45,25/04/2027 22:45,26/09/2026 03:56
1b0c3acb-fdd5-4b91-8dc1-9c685cdba974,wilted.uk,available,6.49,6.49,medium,low,6,namesilo,,,23/08/2026 13:24
f227c7c3-cc3f-46f9-8b99-5bf71ac7ab4c,dafla.uk,available,6.49,6.49,medium,low,5,namesilo,,,16/09/2026 16:37
7756309c-0dec-4237-a8be-62078efe53ef,resect.uk,available,6.49,6.49,medium,low,6,namesilo,,,17/08/2026 15:12
06edafee-6dba-4a64-876e-c9e7711d52c0,funnily.uk,available,6.98,9.98,medium,low,7,namecheap,,,14/09/2026 20:40
1abbe992-53e9-4e83-a12e-d4245793a0fb,complexly.uk,available,6.49,6.49,low,low,9,namesilo,,,14/09/2026 07:45
708078a7-ffcc-45e6-ae54-ec6a92df8fdc,endearing.uk,available,6.98,9.98,high,low,9,namecheap,,,21/09/2026 19:24
35574883-1c8e-4b54-9bfc-6a1bd5068df5,witless.uk,available,6.98,9.98,medium,low,7,namecheap,,,03/09/2026 17:49
b3c894d2-76d6-4308-8e17-0d9b9aa49521,alkanet.uk,available,6.49,6.49,medium,low,7,namesilo,,,18/09/2026 08:26
9955b96f-83f4-49d8-86d7-1b591184a962,deadlifts.uk,available,6.49,6.49,medium,low,9,namesilo,,,21/09/2026 05:50
9d1537a8-683d-4c7e-8adf-13b7a45cf5a6,arguable.uk,available,6.49,6.49,medium,low,8,namesilo,,,06/08/2026 18:32
c3b2766b-ce82-4625-8740-e0e1380708f7,notwithstanding.uk,available,6.49,6.49,medium,low,15,namesilo,,,
da0817b6-ea37-4a2b-9806-901dce9ae9ac,legitimize.uk,available,6.49,6.49,high,low,10,namesilo,,,04/09/2026 05:07
d5445816-5e28-46fa-b943-c7c5bd3602de,pinked.uk,available,6.98,9.98,low,low,6,namecheap,,,20/09/2026 15:51
91195bd0-7450-4dcf-9720-8be3789a50b5,oaken.uk,resell,,,medium,low,5,ANY-Web Limited,21/03/2019 18:36,21/03/2027 18:36,26/09/2026 07:50
ddd52464-8cd6-4922-8a32-aba6da5db00a,grate.uk,resell,,,high,low,5,Vital Domains Ltd,27/03/2019 00:09,26/03/2028 23:09,26/09/2026 06:29
d7008acc-dab1-4f71-b2ec-b40893c99b0e,cockcrow.uk,available,6.49,6.49,medium,low,8,namesilo,,,11/09/2026 02:11
2e6ffd4d-0250-4356-836d-c609c80f32de,probable.uk,available,6.49,6.49,high,low,8,namesilo,,,27/09/2026 06:59
831137e2-ab70-4b10-8e04-3babc73e0e56,apiarist.uk,resell,,,medium,low,8,ANY-Web Limited,25/12/2025 16:20,25/12/2026 16:20,26/09/2026 03:55
a5385674-cf54-41c0-bb91-c966525e0287,amaethon.uk,available,6.49,6.49,low,low,8,namesilo,,,18/09/2026 15:34
974606a0-2b85-48c2-b012-068d2f4efb54,slugger.uk,available,6.49,6.49,medium,low,7,namesilo,,,22/09/2026 14:18
5646bb8e-e570-4d2a-80e8-5b2845fda4e0,alqaeda.uk,available,6.49,6.49,medium,low,8,namesilo,,,18/09/2026 00:59
5f5d83de-bda9-40ee-8959-2725024d7eb7,dealing.uk,resell,,,high,low,7,123-Reg Limited t/a 123-reg,10/06/2014 14:10,10/06/2027 14:10,26/09/2026 05:26
e55e283c-c03c-49e0-9683-0a0e0cee6c67,tiddler.uk,available,6.49,6.49,medium,low,7,namesilo,,,25/08/2026 00:10
f17a59c3-b114-472a-8924-1079a1949ef6,enumerate.uk,available,6.49,6.49,medium,low,9,namesilo,,,03/09/2026 22:58
3363ade8-81b6-4184-8b25-19de279cc2e6,unrelated.uk,available,6.98,9.98,high,low,9,namecheap,,,12/09/2026 18:04
cc50f843-8710-4549-a0f2-be986543d729,reddened.uk,available,6.49,6.49,high,medium,8,namesilo,,,09/09/2026 12:10
6ca36c7c-4391-4732-9ec5-e9fb23c9961b,resinous.uk,available,6.49,6.49,medium,low,8,namesilo,,,09/09/2026 15:13
ad41a255-effc-4acc-a7b3-439c21ce91ca,alarmist.uk,available,6.49,6.49,medium,low,8,namesilo,,,18/09/2026 01:59
44a2566b-140b-4ea1-9040-599948be7f91,acheta.uk,available,6.49,6.49,medium,low,6,namesilo,,,17/09/2026 00:33
6df1dfc6-d608-44bb-a99e-a863264cb3b0,aloes.uk,available,6.49,6.49,medium,low,5,namesilo,,,18/09/2026 13:07
1a95001d-1b86-44a8-8ee5-d7d14616bc0a,glooming.uk,available,6.49,6.49,medium,low,8,namesilo,,,20/08/2026 14:41
c6e3821b-e84f-49ff-af32-bb7d8de67f4a,sumptuary.uk,available,6.49,6.49,medium,low,9,namesilo,,,11/09/2026 01:40
4e9d8a5c-1b8b-4708-8c16-91d5e8156a93,trolling.uk,available,6.49,6.49,medium,low,8,namesilo,,,
72b3d16f-c630-4cd5-be9d-122f538aafcf,underground.uk,resell,,,high,low,11,Global Domains Limited t/a Global Domains Limited,19/03/2019 12:11,19/03/2027 12:11,26/09/2026 09:51
f0a98073-b240-4bb4-9e8d-97a3a5cbf262,cavalry.uk,resell,,,high,low,7,,,,28/09/2026 09:16
f61e4cef-3e4a-4778-a0bf-f16addabb9b0,shallot.uk,available,6.49,6.49,medium,low,7,namesilo,,,18/09/2026 11:16
55dde684-a29c-464f-8d59-bbc6f29d66ab,prolix.uk,available,6.49,6.49,medium,low,6,namesilo,,,09/09/2026 03:04
240bb46d-9230-43cd-a921-e978a2da033d,praising.uk,available,6.98,9.98,high,low,8,namecheap,,,22/08/2026 20:53
050fa6f4-0bd1-4a16-9b92-310b9134e9d0,disappointment.uk,available,6.49,6.49,medium,low,14,namesilo,,,
cd6fee6d-90dc-4c93-b921-16ec7abcfab3,armet.uk,available,6.49,6.49,medium,low,5,namesilo,,,20/09/2026 06:49
4221ace2-8dda-4e83-80d7-5cb55e5fe3ec,declension.uk,available,6.49,6.49,medium,low,10,namesilo,,,13/09/2026 13:21
57aa4094-e824-4fa7-a137-d6c6d78e36b1,calendric.uk,available,6.49,6.49,medium,low,9,namesilo,,,11/08/2026 14:14
efb97551-9153-48cb-8f56-b92d0a5d24d1,asshole.uk,available,6.49,6.49,medium,low,7,namesilo,,,08/08/2026 23:24
cb8f811e-eff6-41ba-bcdd-7954b0ed1a0b,hanukah.uk,available,6.49,6.49,high,low,7,namesilo,,,
66ba45b3-abc0-4c9e-922f-795f17f13986,supervillains.uk,available,6.49,6.49,low,low,13,namesilo,,,21/09/2026 05:46
b1046d63-c1ab-4de0-85be-3f20aaf9693c,butt.uk,resell,,,medium,low,4,Fasthosts Internet Ltd,10/09/2016 21:51,10/09/2027 21:51,26/09/2026 04:41
e76aa9ab-ac54-457b-80da-63afc3347366,tautly.uk,available,6.49,6.49,medium,low,6,namesilo,,,16/09/2026 08:09
66dd522a-5ab4-40f8-a068-acc380e083c3,besieged.uk,available,6.49,6.49,low,low,8,namesilo,,,09/08/2026 15:25
4dc20566-09be-4428-89f1-dbc62495897a,ascites.uk,available,6.49,6.49,medium,low,7,namesilo,,,20/09/2026 13:17
b55aee56-ed22-479a-98ec-f5c0a92021bc,bankruptcy.uk,resell,,,high,low,10,Team Blue Internet Services UK Limited t/a Team Blue Internet Services Limited t/a names.co.uk,24/09/2018 07:21,24/09/2029 07:21,26/09/2026 04:15
17ab8093-59da-463b-be99-9f3264efb6f8,discipline.uk,resell,,,high,low,10,Tim Hall t/a DomainTree,04/12/2015 18:43,04/12/2026 18:43,26/09/2026 05:35
dc1674f7-d802-413a-854b-8f0e68f9f1be,rainless.uk,available,6.49,6.49,high,medium,8,namesilo,,,09/09/2026 09:46
e38d6d54-057a-4a92-828d-0e4479e205bf,phil.uk,resell,,,high,medium,4,Andrew Bell,24/11/2014 13:35,24/11/2026 13:35,26/09/2026 08:08
33b13d59-8836-4ed4-82ec-5edc76624703,anethum.uk,available,6.98,9.98,medium,low,7,namecheap,,,19/09/2026 05:35
7b0ea9a1-15d8-4350-9975-816e025e6353,bunchy.uk,available,6.49,6.49,medium,low,6,namesilo,,,11/08/2026 09:55
51f61220-0a0a-4213-9318-67ef034ea36c,parenteral.uk,available,6.49,6.49,medium,low,10,namesilo,,,08/09/2026 01:19
6f2bf278-6587-44a7-98e3-c59410319a9b,burnable.uk,available,6.49,6.49,medium,low,8,namesilo,,,11/08/2026 10:44
31e0af72-c8e3-4d03-bac4-6bdda7e19ce1,dave.uk,resell,,,high,low,4,Mr DJ Wood t/a Domain Names Ltd,22/09/2024 19:53,22/09/2027 19:53,26/09/2026 05:26
70eda421-9cfd-4641-9c55-28838112e837,columbo.uk,available,6.98,9.98,medium,low,7,namecheap,,,18/09/2026 19:32
0e77a9de-af47-4bf6-b723-51a7bdb40df3,brutality.uk,available,6.98,9.98,medium,low,9,namecheap,,,22/09/2026 04:26
97ea0ca5-6726-4e0f-89f2-d9a2381ecf04,whorled.uk,available,6.49,6.49,medium,low,7,namesilo,,,12/08/2026 16:18
11ec810a-36ab-4f7f-a89c-84dfc5bb357c,germicidal.uk,available,6.49,6.49,medium,low,10,namesilo,,,08/08/2026 07:07
b0ee7821-e398-49ea-ac7c-6da86b04a48e,painfully.uk,resell,,,medium,low,9,ANY-Web Limited,08/01/2017 22:01,08/01/2027 22:01,26/09/2026 07:59
43cd4bab-82be-4741-a1a5-215501908577,almsgiving.uk,available,6.49,6.49,medium,low,10,namesilo,,,18/09/2026 12:43
3b4b97b5-626b-41c7-979e-cf636609d4dc,lynn.uk,resell,,,medium,low,4,,,,27/09/2026 07:20
125e12e8-9e32-49e9-974b-b5e87ebefb31,dispose.uk,resell,,,high,low,7,William Zurawel,14/12/2023 12:12,14/12/2026 12:12,26/09/2026 05:36
923a107e-5c3e-4294-ac9f-0dd61f39b47d,stratified.uk,available,,,medium,low,10,,,,
45400ae5-52a0-44c7-a385-85f6bfbe690f,anapest.uk,available,6.98,9.98,medium,low,7,namecheap,,,19/09/2026 02:04
dcadf2aa-20b0-4d05-b356-c3c6c9437df5,fulgurant.uk,available,9.99,11.99,medium,low,9,name.com,,,13/08/2026 18:59
8d4ff9c9-ee4b-4dec-bf51-1e808dacd7ab,tartaric.uk,available,6.49,6.49,medium,low,8,namesilo,,,11/09/2026 08:48
d0e18904-3962-4007-8f7b-53f4040f0a58,negligible.uk,available,6.49,6.49,medium,low,10,namesilo,,,03/09/2026 15:08
35ec0e69-d794-4c3a-b3ed-42e6547c1f79,squat.uk,resell,,,medium,low,5,Namecamp Limited t/a Yay.com,04/01/2022 12:17,04/01/2027 12:17,26/09/2026 09:14
2135e330-fb6a-4f6c-ab80-174e45cd8d19,assuring.uk,available,6.49,6.49,medium,low,8,namesilo,,,07/08/2026 08:31
0342eb41-4d4d-4785-aa25-6abf347d35e2,bassine.uk,available,6.49,6.49,medium,low,7,namesilo,,,22/09/2026 12:22
ea995db2-4229-41c1-8f1b-2b06886288b8,carousing.uk,available,6.49,6.49,medium,low,9,namesilo,,,08/08/2026 04:24
2f137ea9-d384-4a45-a293-597dcc655d97,pretending.uk,available,6.49,6.49,high,low,10,namesilo,,,
e04809d5-e90e-4f54-86d5-2e2225b6bcdb,curatorial.uk,available,6.49,6.49,medium,low,10,namesilo,,,13/08/2026 11:03
25ca7a17-83c3-4ec2-877f-ae1a570155a9,maladroit.uk,available,6.49,6.49,medium,low,9,namesilo,,,24/08/2026 13:35
5df02463-d853-4ef6-aa4d-443aa3dfec96,demonstrates.uk,available,6.49,6.49,medium,low,12,namesilo,,,20/09/2026 23:55
3fc5ae35-3ab4-4adc-90ea-86263dbc5ded,prussian.uk,available,6.49,6.49,high,low,8,namesilo,,,09/09/2026 04:50
b1b18ee3-67cc-4b6b-98fc-e3f385e14caa,beadwork.uk,available,6.98,9.98,high,low,8,namecheap,,,22/09/2026 19:29
583d68c1-a539-4917-9049-178f2ede5eae,multiply.uk,resell,,,high,low,8,Lexsynergy Ltd,11/09/2017 15:19,11/09/2027 15:19,26/09/2026 07:41
5709065d-ec3c-46a9-bde2-4c57bba82445,workfare.uk,available,6.49,6.49,medium,low,8,namesilo,,,
f8c8c5a3-bc46-44d5-8088-8550ed2721c2,odious.uk,available,6.49,6.49,medium,low,6,namesilo,,,
df5595d7-3be0-4963-adf1-538c8a5d194a,sodden.uk,available,6.49,6.49,medium,low,6,namesilo,,,10/09/2026 13:24
bbcd64d6-d90e-4b09-854f-b3a802f7a9ca,torturing.uk,available,6.49,6.49,medium,low,9,namesilo,,,
353cfcdc-694e-4082-bb59-dd8f6e910c24,chinch.uk,available,6.49,6.49,medium,low,6,namesilo,,,22/09/2026 22:46
ae520983-a755-404d-830a-8b1e9137295b,standon.uk,resell,,,medium,low,8,ANY-Web Limited,12/07/2019 10:17,12/07/2027 10:17,26/09/2026 09:16
b337d3f1-7d33-4ca6-adbc-f4ec736d415b,hermit.uk,resell,,,high,low,6,"Namecheap, Inc.",09/01/2026 14:14,09/01/2027 14:14,26/09/2026 06:39
155dcebd-2ee4-4424-ac94-f49f33a04340,tutu.uk,resell,,,high,low,4,"GoDaddy.com, LLC.",05/07/2019 13:00,05/07/2027 13:00,26/09/2026 09:48
94cfa641-7057-463e-8292-6f58aa9c1a8c,corroded.uk,available,6.49,6.49,medium,low,8,namesilo,,,13/08/2026 02:05
14c6748d-c06b-4ec3-a7bf-b788f387c83b,dinesen.uk,available,6.49,6.49,medium,low,7,namesilo,,,22/09/2026 07:24
b12fd7c9-79d9-4c50-8b87-749c9b708829,prurient.uk,available,6.49,6.49,medium,low,8,namesilo,,,24/08/2026 11:58
3de99694-99e4-4d67-8d07-3cc24da82997,fagged.uk,available,6.49,6.49,low,low,6,namesilo,,,14/08/2026 14:47
ca57f9fa-c400-4a97-a69e-a455108c260c,behavioral.uk,available,6.49,6.49,medium,low,10,namesilo,,,09/08/2026 10:16
7126fb13-72af-4872-9116-786637d8952f,vicennial.uk,available,6.49,6.49,medium,low,9,namesilo,,,13/09/2026 05:23
351d0ebe-10a1-41b4-ad17-02ef6c416d54,tracked.uk,resell,,,high,low,7,Global Domains Limited t/a Global Domains Limited,19/03/2019 11:52,19/03/2027 11:52,28/09/2026 09:27
fc994594-b4db-4596-8068-df9821a39fea,benefits.uk,resell,,,medium,low,8,,,,27/09/2026 23:08
24dfaf5f-9ee2-4bdc-a29a-18b1e66764f6,tempering.uk,available,6.49,6.49,medium,low,9,namesilo,,,11/09/2026 10:56
18b95ed4-e74f-4047-a62b-38c371a3942d,transmitted.uk,available,6.49,6.49,medium,low,11,namesilo,,,16/09/2026 07:54
f8201fde-7d1d-4c2f-a975-b05495fc6a48,northward.uk,available,6.98,9.98,medium,low,9,namecheap,,,03/09/2026 21:27
ebb66f63-d582-494c-90a0-4768b1433fc0,breastfeed.uk,resell,,,high,low,11,Simon Fox,29/03/2019 22:30,29/03/2027 21:30,26/09/2026 04:36
514a95a3-09f6-4e48-98c0-c9dfb3c55a1a,attend.uk,resell,,,high,low,6,Self Storage Hire Ltd t/a Provide Domain Name Services,04/06/2019 09:32,04/06/2027 09:32,26/09/2026 04:07
74a6943d-8153-4711-a170-b56edc5484f3,sixthly.uk,available,6.49,6.49,low,low,7,namesilo,,,16/09/2026 02:03
bae09485-8dd3-45eb-8a58-db8ea78133d8,metalloid.uk,available,6.49,6.49,medium,low,9,namesilo,,,24/08/2026 21:37
5cf8aa14-dea0-42d6-8432-cdd213c1549c,nonesuch.uk,available,6.98,9.98,medium,low,8,namecheap,,,03/09/2026 20:13
77ca995e-6e71-4897-a5a3-fe9ddea0c03c,tined.uk,available,6.49,6.49,medium,low,5,namesilo,,,09/09/2026 03:20
522ab0ba-8eb1-4c78-8d80-3ce76efa7e6c,officials.uk,available,6.49,6.49,medium,low,9,namesilo,,,17/09/2026 12:28
e6854beb-334e-4f2a-8962-190ff06ea655,archetypal.uk,available,6.49,6.49,medium,low,10,namesilo,,,06/08/2026 15:32
d79ebf1d-76dd-4784-8033-9352747626a3,salvadoran.uk,available,6.98,9.98,high,medium,10,namecheap,,,09/09/2026 21:01
dd3ec90d-723c-43be-920a-6f6eb5a32225,desecrated.uk,available,6.49,6.49,medium,low,10,namesilo,,,14/08/2026 03:18
98b7b88e-3a9f-48ee-93d2-41b17ddbf92d,antwerp.uk,resell,,,high,low,7,UMKY Limited,01/07/2019 13:29,01/07/2027 13:29,26/09/2026 03:55
8fe55bf9-4bbb-43dd-89fb-9f8889fb65dd,achaean.uk,available,6.49,6.49,medium,low,7,namesilo,,,
10a88c13-dc51-4034-90ad-eeaa67a6244f,backblast.uk,available,6.98,9.98,medium,low,9,namecheap,,,21/09/2026 14:26
b2154b5f-c23d-4c20-aca2-f3818a8f7b44,piebald.uk,available,6.49,6.49,medium,low,7,namesilo,,,03/09/2026 10:37
d906bc41-15b8-40bb-975c-bd0492820b0e,doglike.uk,available,6.49,6.49,low,low,7,namesilo,,,14/08/2026 15:07
67fd02bb-1481-47ce-ae52-0557827759d2,underway.uk,available,6.49,6.49,high,low,8,namesilo,,,12/09/2026 07:42
a796cdb8-8da1-459a-901e-3019d2de35ef,nescience.uk,available,6.49,6.49,medium,low,9,namesilo,,,12/09/2026 14:26
0cfee613-8f41-4eae-baf3-0ac0f20be014,pekan.uk,available,6.98,9.98,medium,low,5,namecheap,,,24/09/2026 00:25
725f4844-9066-4b25-acc5-715046205615,falsetto.uk,available,6.98,9.98,high,low,8,namecheap,,,17/08/2026 21:33
5e7fd4bf-3423-449b-ad33-2ca6d253d8e2,eruptive.uk,available,6.49,6.49,medium,low,8,namesilo,,,17/08/2026 13:12
f584997f-0783-40af-8508-e9a2e6b89889,bicyclic.uk,available,6.49,6.49,high,low,8,namesilo,,,09/08/2026 19:48
f2da1c26-1de8-4f9d-86ec-43fb1ccd40c1,ergodic.uk,available,6.49,6.49,medium,low,7,namesilo,,,17/08/2026 12:09
3e01e7ce-1cac-4222-a6dd-2e83c02692f6,essence.uk,resell,,,high,low,7,"Soluciones Corporativas IP, SL t/a SCIP",02/07/2019 13:00,02/07/2027 13:00,28/09/2026 03:54
9ffcfe25-9216-487e-967e-d651e684dfbf,dignifying.uk,available,6.49,6.49,medium,low,10,namesilo,,,14/08/2026 07:23
773bf8be-1c30-47de-b559-ca4e274cb92f,pseud.uk,available,6.49,6.49,medium,low,5,namesilo,,,09/09/2026 05:04
8fd78e24-1936-4050-9333-85ad32881903,waste.uk,resell,,,high,low,5,Charles Scott t/a Domain Holdings UK,28/02/2019 12:22,29/02/2028 12:22,26/09/2026 10:04
641594d5-9eef-4d5e-a5d7-b693991ca3f6,beechnut.uk,available,6.98,9.98,medium,low,8,namecheap,,,23/09/2026 00:13
45143b59-bced-498a-bc3f-95ae69bcb857,despoiled.uk,available,6.49,6.49,medium,low,9,namesilo,,,14/08/2026 04:23
3d445fc4-070e-4c05-b23f-c29dde9a1646,neoclassic.uk,available,6.49,6.49,medium,low,10,namesilo,,,03/09/2026 15:21
0a3fec01-f6bf-45f4-b29b-d1e15358647e,formal.uk,resell,,,high,low,6,Simon Fox,24/06/2019 11:56,24/06/2027 11:56,26/09/2026 06:12
96e421be-abe1-4dc3-a2b8-1f59bd0be002,pyrrhic.uk,available,6.49,6.49,medium,low,7,namesilo,,,09/09/2026 07:12
3d6c8aff-696d-4cdf-81a9-d86a40cf78dd,gallantly.uk,available,6.49,6.49,medium,low,9,namesilo,,,14/09/2026 06:45
a2d3a9cc-b409-47b9-a39b-1b16a55462eb,mediatory.uk,available,6.98,9.98,medium,low,9,namecheap,,,24/08/2026 18:55
2b29e84a-225e-40dc-afe3-eafa9f6317b0,fain.uk,resell,,,medium,low,4,ANY-Web Limited,21/03/2019 17:20,21/03/2027 17:20,26/09/2026 06:00
5e7f9847-7d75-4dee-8a9c-09a224c330c0,xxxvii.uk,available,6.49,6.49,medium,low,6,namesilo,,,
016baa4b-d0cf-4636-81d5-8e38e569aa15,striped.uk,resell,,,high,low,7,Porkbun LLC,30/01/2026 16:49,30/01/2027 16:49,26/09/2026 09:21
014b7622-084e-4882-a493-9318a224c817,surgical.uk,resell,,,high,low,8,Charles Scott t/a Domain Holdings UK,28/02/2019 12:10,29/02/2028 12:10,26/09/2026 09:26
f0663ad4-0ef1-40c5-b2c5-496e015355f5,basseterre.uk,available,6.49,6.49,medium,low,10,namesilo,,,22/09/2026 12:18
3aee2830-00ea-490b-b307-6bbc4464cce8,auroral.uk,available,6.98,9.98,medium,low,7,namecheap,,,22/09/2026 13:08
1af9e8d9-eb4e-48fc-a13f-6769d69925c6,aldehyde.uk,resell,,,medium,low,8,ANY-Web Limited,21/03/2019 15:19,21/03/2027 15:19,26/09/2026 01:29
a27306a2-d2ce-40af-85f5-76f3410da973,shote.uk,available,6.98,9.98,high,medium,5,namecheap,,,08/09/2026 19:36
eb90bba4-95ee-4c4d-9534-4452f1812440,indorse.uk,available,6.49,6.49,medium,low,7,namesilo,,,08/08/2026 05:17
182303d3-b247-4b19-8f65-9946ae04071e,unvalued.uk,available,6.49,6.49,low,low,8,namesilo,,,12/09/2026 22:02
002c5ebb-f69a-4509-af43-c2c0d776d700,goosy.uk,available,6.49,6.49,medium,low,5,namesilo,,,14/08/2026 16:07
3a9ca53d-407f-40b8-896b-58f8be8b8d5f,documented.uk,available,6.49,6.49,high,low,10,namesilo,,,22/09/2026 11:37
1f4bd733-c24d-4e98-8fa2-a48d96f9d8b4,normative.uk,available,6.98,9.98,medium,low,9,namecheap,,,03/09/2026 21:19
9714551f-ba2c-43f6-89fc-fcc9d2d96162,pilotless.uk,available,6.49,6.49,high,medium,9,namesilo,,,08/09/2026 19:42
dcdee305-858c-4d40-8c9c-63f1d4544a0b,wilkins.uk,resell,,,medium,low,7,Richard Kandler t/a Nameplace,05/07/2019 13:00,05/07/2027 13:00,26/09/2026 10:10
593e6646-0e4d-41ec-93c6-1908d19a8f89,nettlesome.uk,available,6.49,6.49,medium,low,10,namesilo,,,
721539e2-cf75-4136-8a3e-38493eea3cae,heartsick.uk,available,6.49,6.49,medium,low,9,namesilo,,,11/08/2026 05:30
9e64d31a-4fd5-43ed-84e4-720f02760108,macaronic.uk,available,6.49,6.49,medium,low,9,namesilo,,,24/08/2026 12:44
b817666b-c479-4ecd-b3f6-d221f7ba7481,exogenic.uk,available,6.49,6.49,medium,low,8,namesilo,,,17/08/2026 17:34
5ba40a00-b00c-49f0-b9c0-520b28029868,stints.uk,available,6.98,9.98,medium,low,6,namecheap,,,20/09/2026 14:23
2c6599e6-0f91-4c89-865c-f5b3fc623cf3,illinois.uk,available,6.98,9.98,high,low,8,namecheap,,,21/08/2026 18:40
1bb506db-7dc6-4230-a3a3-8f970254112f,charles.uk,resell,,,high,low,7,Charles Scott t/a Domain Holdings UK,28/02/2019 10:19,29/02/2028 10:19,26/09/2026 04:52
9723c249-d502-41d5-8cbf-032219341c33,artemia.uk,available,6.49,6.49,medium,low,7,namesilo,,,20/09/2026 10:09
247c8621-59c1-44dd-85e2-eae09a5eeec0,greet.uk,resell,,,high,low,5,ANY-Web Limited,21/03/2019 17:37,21/03/2027 17:37,26/09/2026 06:30
499f1249-abe0-4d18-b604-6cd81daa602c,sigmoidal.uk,available,6.49,6.49,high,medium,9,namesilo,,,10/09/2026 07:59
81ada3bb-4f66-439a-b70f-b8e91d2bf139,agrippina.uk,available,6.98,9.98,medium,low,9,namecheap,,,17/09/2026 19:33
dc914692-cd9a-4522-a778-49584e39b545,hone.uk,resell,,,high,low,4,Squarespace Domains LLC t/a SQUARESPACE DOMAINS,11/09/2020 03:35,11/09/2027 03:35,26/09/2026 06:42
9d990ac4-ebee-4f1a-b75c-aaf90248ae68,reposeful.uk,available,6.49,6.49,medium,low,9,namesilo,,,09/09/2026 13:28
e1bf4bfa-6077-4984-b08a-89f24d1e3a73,uncaring.uk,available,6.49,6.49,medium,low,8,namesilo,,,12/09/2026 00:02
05def75c-8cab-4433-8789-bc06562f2b3c,staffing.uk,resell,,,high,low,8,,,,28/09/2026 02:47
8645f7a8-dd51-4413-bdd0-d87c151c71b4,outdoor.uk,resell,,,high,low,7,Garner Media Ltd,07/05/2015 22:25,07/05/2027 22:25,26/09/2026 07:57
faef1530-dfef-45c7-a5d7-803c382250ab,condense.uk,resell,,,high,low,8,UK Internet Services Ltd,15/06/2020 08:57,15/06/2027 08:57,26/09/2026 05:11
26635015-2f2c-4744-b30b-22536297202f,bittern.uk,resell,,,medium,low,7,UK Internet Services Ltd,15/11/2021 11:10,15/11/2026 11:10,26/09/2026 04:27
d54e81cf-f7a4-4aa6-b23f-9ec5b6794f75,theorize.uk,available,6.49,6.49,high,low,8,namesilo,,,24/09/2026 17:19
d8ce15a7-221a-4e85-8506-b02318d099f1,joyously.uk,available,6.98,9.98,high,low,8,namecheap,,,14/09/2026 21:30
ecaae962-a49a-483d-b4c9-1809b1de5a7c,stages.uk,resell,,,medium,low,6,UK Internet Services Ltd,18/01/2020 07:58,18/01/2027 07:58,26/09/2026 09:15
3334528b-d5f8-4001-a8c6-b114c2936f43,munich.uk,resell,,,high,low,6,Mr DJ Wood t/a Domain Names Ltd,03/05/2019 14:22,03/05/2027 14:22,26/09/2026 07:41
b2574a04-3f8c-4e94-aa06-f321f0d370e2,rimmed.uk,available,6.49,6.49,medium,low,6,namesilo,,,09/09/2026 17:45
2fdd7a2d-1141-4899-bd06-47614cb9782a,apulia.uk,available,6.49,6.49,medium,low,6,namesilo,,,19/09/2026 22:42
956e9540-0a89-46fe-b71a-f2c66ab8b8d4,sacredly.uk,available,6.49,6.49,medium,low,8,namesilo,,,15/09/2026 23:01
1701ef3d-2585-4271-85ac-b0eb40d5a6a9,baguet.uk,available,6.98,9.98,medium,low,6,namecheap,,,21/09/2026 18:30
02f122d3-7b49-473f-8ca3-ae51c1821e47,illicit.uk,available,6.49,6.49,medium,low,7,namesilo,,,21/08/2026 19:50
66f26fac-e3ec-481d-b10d-47b92268f9cd,sequester.uk,available,6.98,9.98,medium,low,9,namecheap,,,12/08/2026 21:06
9c39e2e3-dbd8-40d0-8317-793732069b3b,albumen.uk,available,6.49,6.49,medium,low,7,namesilo,,,18/09/2026 03:31
28b784b1-f307-4fc8-9265-09f29378abc2,carpus.uk,available,6.49,6.49,medium,low,6,namesilo,,,20/09/2026 11:32
3ae1cf84-b394-42f0-b6be-e41042fc6e29,isothermic.uk,available,6.49,6.49,medium,low,10,namesilo,,,22/08/2026 11:24
75890640-23d1-4281-aa48-93b7b66ebf0c,cheerfully.uk,resell,,,high,low,10,ANY-Web Limited,08/01/2017 22:00,08/01/2027 22:00,26/09/2026 04:53
8832d74e-bfed-45ca-86fe-1adc85f046a4,denude.uk,available,6.49,6.49,medium,low,6,namesilo,,,14/08/2026 02:02
6c89b897-98a6-4d17-afa2-83d0de31426a,stellate.uk,available,6.49,6.49,medium,low,8,namesilo,,,09/09/2026 09:34
b6bff249-c6c4-4fcb-9292-062fbf89f830,hoping.uk,resell,,,high,low,6,Hosting Concepts B.V.,14/06/2022 22:41,14/06/2027 22:41,26/09/2026 06:43
8648f0e1-e072-4e22-839d-f3f14ac4a0ae,gaudy.uk,available,6.49,6.49,medium,low,5,namesilo,,,18/08/2026 06:37
a223b6cb-d878-4284-85b7-d43c9a078260,bedevil.uk,available,6.98,9.98,medium,low,7,namecheap,,,14/08/2026 21:15
3578cb06-e020-4302-bea4-dce34076468b,olympics.uk,resell,,,high,low,8,Global Domains Limited t/a Global Domains Limited,19/03/2019 10:02,19/03/2027 10:02,26/09/2026 07:53
5b1471b7-4d34-4961-bf89-98359316674f,bedding.uk,resell,,,high,low,7,Charles Scott t/a Domain Holdings UK,28/02/2019 10:02,29/02/2028 10:02,26/09/2026 04:19
c5aa0614-a0db-4375-aa5d-6b96f059e3c5,hoggish.uk,available,6.49,6.49,low,low,7,namesilo,,,21/08/2026 10:16
fe95b8e4-07e9-4f0a-83b9-4ad2f21e7c5f,asama.uk,available,6.98,9.98,medium,low,5,namecheap,,,20/09/2026 12:47
9cc291dd-4f4e-40f9-a032-1d9d993c5f8f,aliraq.uk,available,6.49,6.49,medium,low,7,namesilo,,,18/09/2026 00:54
343948d0-1c19-4053-a71d-4dca8a26cf8e,pepperidge.uk,available,6.49,6.49,medium,low,10,namesilo,,,24/09/2026 00:49
5110d976-5e2d-45cd-a1f7-3cd54ab8cec2,anorectal.uk,available,6.49,6.49,medium,low,9,namesilo,,,
39d12422-d913-4a20-b7fb-ba431b7f8af1,nobly.uk,available,6.49,6.49,medium,low,5,namesilo,,,15/09/2026 16:42
54597fab-a87f-4688-9b22-6a95fecc9640,preparing.uk,resell,,,high,low,9,,,,27/09/2026 06:40
761c2af4-81de-4be0-8b41-b9babbe9e1a9,nyse.uk,available,6.49,6.49,high,low,4,namesilo,,,
02d044f2-5e47-4dcb-b77a-aff2544348cf,westchester.uk,resell,,,medium,low,11,,,,27/09/2026 01:58
edce8c85-0ee3-4676-adf6-7f6cd410f79e,saturnine.uk,available,6.49,6.49,medium,low,9,namesilo,,,20/08/2026 15:03
616b764f-81df-422a-aaef-1104a53f59ca,vermillion.uk,resell,,,high,low,10,Porkbun LLC,23/01/2026 22:10,23/01/2027 22:10,26/09/2026 09:58
cd2df379-824a-4e68-ad2f-b66f8ed79247,specially.uk,available,9.98,,medium,low,9,namecheap,,,
cdfa6144-4881-4855-9691-008752c1e8f3,ebonics.uk,available,6.49,6.49,medium,low,7,namesilo,,,16/09/2026 13:39
bdc91da4-1f76-41bb-b1ef-4374c363b4f0,statuary.uk,resell,,,medium,low,8,ANY-Web Limited,12/06/2025 08:22,12/06/2027 08:22,26/09/2026 09:17
68d8af41-7c0e-4201-90bc-c5b0aa370c9c,untraveled.uk,available,6.49,6.49,medium,low,10,namesilo,,,12/09/2026 21:42
ebd4dbf2-764c-49b7-b2ab-8b563bb375d4,autotelic.uk,available,,,medium,low,9,,,,
217de288-f3a4-43a3-94c0-28102c3f986a,antrum.uk,available,6.49,6.49,medium,low,6,namesilo,,,19/09/2026 15:46
b2d62b5a-5ef9-42cd-8619-017edf1f4812,wifely.uk,available,6.49,6.49,medium,low,6,namesilo,,,13/09/2026 00:27
a3a4e257-caa6-4405-87e3-44bad1348c73,hokey.uk,available,6.49,6.49,medium,low,5,namesilo,,,09/08/2026 00:37
debfb11d-8221-418e-9e92-eee85379c83e,someway.uk,available,6.49,6.49,medium,low,7,namesilo,,,15/09/2026 06:46
7419b281-c878-43d7-931e-a49dc0421da6,polyphase.uk,available,6.49,6.49,medium,low,9,namesilo,,,03/09/2026 10:52
ce45e4d7-f6d5-4013-8e54-56eccd3d91b8,alewife.uk,available,6.49,6.49,medium,low,7,namesilo,,,18/09/2026 05:44
b9f7a447-28ce-4e12-8d13-5dfd792a4405,brumal.uk,available,6.49,6.49,low,low,6,namesilo,,,11/08/2026 06:36
9a4a7309-80f0-41e7-85cb-350c609866a9,stabile.uk,available,6.98,9.98,medium,low,7,namecheap,,,21/08/2026 21:21
21252240-de79-4efa-99a9-dcf47883c300,shuddering.uk,available,6.49,6.49,medium,low,10,namesilo,,,10/09/2026 07:02
18eed552-e2c5-4d36-80d0-372de4aa8175,airdrome.uk,available,6.49,6.49,medium,low,8,namesilo,,,17/09/2026 12:57
30de3c42-39d7-4b7f-b849-cbb99f401c27,foliose.uk,available,6.49,6.49,medium,low,7,namesilo,,,18/08/2026 10:11
20ae53aa-1218-4330-8120-00c1594d103e,awards.uk,resell,,,medium,low,6,,,,28/09/2026 08:41
dcad345c-35dc-4693-a04f-8460c78622b3,bhaga.uk,available,6.49,6.49,medium,low,5,namesilo,,,23/09/2026 12:29
c2fadd77-2ca1-4e5b-baa1-060360f8e1f3,tiptoe.uk,resell,,,medium,low,6,ANY-Web Limited,22/03/2019 07:42,22/03/2027 07:42,26/09/2026 09:38
697377a9-5137-4474-a488-fb676c336d64,springlike.uk,available,6.49,6.49,medium,low,10,namesilo,,,10/09/2026 16:53
4126dc4b-fac4-429f-835e-2a8d3e7c485a,hodgkin.uk,available,6.49,6.49,medium,low,7,namesilo,,,18/09/2026 01:43
23ccd244-1e73-4e81-827a-6f2da37eafda,fairish.uk,available,6.98,9.98,medium,low,7,namecheap,,,17/08/2026 21:12
ca5ac23c-c345-4692-bfb1-f5c7cfa49e55,cathartic.uk,resell,,,medium,low,9,UK Internet Services Ltd,15/06/2020 10:18,15/06/2027 10:18,26/09/2026 04:48
d2b52bb0-1e5a-416b-8938-601306f0757a,annexe.uk,resell,,,medium,low,6,ANY-Web Limited,09/12/2019 17:25,09/12/2026 17:25,26/09/2026 03:53
c3130662-4ad0-4a70-ad14-3d0e2ff96db5,deplorable.uk,available,6.98,9.98,medium,low,10,namecheap,,,12/08/2026 20:22
75fbd7e1-a887-4a4e-8004-8610ecb77c48,semiliquid.uk,available,6.49,6.49,medium,low,10,namesilo,,,10/09/2026 03:07
114d00e3-328a-4a86-ad01-6051a9b9f650,chic.uk,resell,,,high,low,4,Potential Investments Ltd,31/03/2019 09:41,31/03/2027 09:41,26/09/2026 04:54
23adfbc2-11c9-4ce8-a11c-475d7f4b89a8,hanoi.uk,resell,,,high,low,5,UMKY Limited,03/07/2019 13:01,03/07/2027 13:01,26/09/2026 06:34
307c3700-826d-448a-89f7-618e8858c0ed,fisher.uk,resell,,,high,low,6,Richard Kandler t/a Nameplace,02/07/2019 13:00,02/07/2027 13:00,26/09/2026 06:06
e8f2ed3a-040d-4eb5-ac76-bd677fd3d2e9,unstarred.uk,available,6.49,6.49,low,low,9,namesilo,,,12/09/2026 01:15
f8290472-25a9-4466-919d-ec0fdc85aa39,hastings.uk,resell,,,high,low,8,Enterfirst Ltd,22/05/2015 20:42,22/05/2027 20:42,26/09/2026 06:35
f632262f-dd4c-4977-a5b7-e644583af8ee,disease.uk,resell,,,high,low,7,Premkumar Veerabadran t/a sitekart,02/07/2019 13:00,02/07/2027 13:00,26/09/2026 05:35
6c635e95-6ebb-4ba6-8751-3abf44848c74,flooded.uk,resell,,,medium,low,7,Global Domains Limited t/a Global Domains Limited,24/04/2019 11:18,24/04/2027 11:18,26/09/2026 06:08
c85e89af-e29e-41ec-af42-3f2902c8e9d9,liii.uk,available,6.49,6.49,medium,low,4,namesilo,,,
b5b220c4-981b-4de9-929f-9a5e33b40b4c,octal.uk,resell,,,medium,low,5,Kovalent Pty Ltd t/a Kovalent,04/07/2019 13:21,04/07/2027 13:21,26/09/2026 07:51
902fe4e1-83cb-405c-a174-2860843fa71c,cherubic.uk,available,6.49,6.49,medium,low,8,namesilo,,,12/08/2026 04:25
4c632f13-49d6-46a5-a904-7039d6190155,scurrilous.uk,available,6.49,6.49,medium,low,10,namesilo,,,
7a61c640-208b-4e22-87de-46c2a43469c5,astuteness.uk,available,6.98,9.98,high,low,10,namecheap,,,20/09/2026 18:21
aa65c2d6-9001-4781-bc01-8e464da9ecbf,fugacious.uk,available,6.49,6.49,medium,low,9,namesilo,,,17/08/2026 10:20
b0637133-0d0d-4896-83f6-1283dd96094a,unthought.uk,available,6.49,6.49,medium,low,9,namesilo,,,12/09/2026 12:35
82a78d36-c8a9-400c-b13e-bf623e3eceb9,anoxia.uk,available,6.49,6.49,medium,low,6,namesilo,,,19/09/2026 11:58
24ac2cfa-ac36-46de-8873-06eb58f389d2,whatnot.uk,resell,,,medium,low,8,"Namecheap, Inc.",10/02/2024 12:34,10/02/2027 12:34,26/09/2026 10:08
72666859-5022-43c7-b9bb-60a10b002a07,auricle.uk,available,6.49,6.49,medium,low,7,namesilo,,,21/09/2026 00:43
95e15e8e-0929-4583-a6b2-4f648622ae1b,motivating.uk,resell,,,high,low,10,"Dynadot, LLC t/a Dynadot",11/09/2020 20:28,11/09/2027 20:28,26/09/2026 07:39
776675fc-4ac5-411d-aa58-2ff764da2105,designedly.uk,available,6.49,6.49,medium,low,10,namesilo,,,13/09/2026 17:33
c0515294-6e50-4a5e-bc8e-e9a9ea053527,auxetic.uk,available,6.49,6.49,medium,low,7,namesilo,,,07/08/2026 21:28
c1bb3215-4370-4123-84e1-aec2fa660ba0,suspected.uk,available,6.49,6.49,medium,low,9,namesilo,,,11/09/2026 04:53
bef8cc4f-9213-4845-8cb7-658297ab04d9,philatelic.uk,resell,,,medium,low,10,UK Internet Services Ltd,27/04/2021 06:20,27/04/2027 06:20,26/09/2026 08:08
6b76619b-e2ee-4305-9c7e-315e83309c43,lightless.uk,available,6.49,6.49,medium,low,9,namesilo,,,23/08/2026 04:36
7c76c8d7-2edb-46b5-9232-2836ca8f9baa,gluey.uk,available,6.49,6.49,medium,low,5,namesilo,,,20/08/2026 15:16
76321e0c-f936-459a-bde9-898f727e2e07,permed.uk,available,6.98,9.98,medium,low,6,namecheap,,,08/09/2026 17:46
edab8355-9ad0-4131-a100-b1f415c107e7,trumpian.uk,available,6.49,6.49,medium,low,8,namesilo,,,
70e8fb08-165d-46dd-a1dc-e318a48e398b,industrialize.uk,available,6.49,6.49,medium,low,13,namesilo,,,
c910ffd7-b34d-47cb-ae2c-e1bcc3294928,agerasia.uk,available,6.49,6.49,medium,low,8,namesilo,,,17/09/2026 17:14
c09be964-13c2-469a-9335-e76b1d3c4fb8,jovially.uk,available,6.49,6.49,medium,low,8,namesilo,,,15/09/2026 09:51
5f8329be-89a3-4a2f-8a41-3613790d5972,unshaven.uk,resell,,,medium,low,8,ANY-Web Limited,03/08/2022 14:30,03/08/2027 14:30,26/09/2026 09:53
514ecc58-bac6-43b9-a62e-d1d63fa1932d,invidious.uk,available,6.49,6.49,medium,low,9,namesilo,,,22/08/2026 09:04
875e0c0a-4462-44ce-9e9f-a845cbb003ba,audad.uk,available,6.49,6.49,medium,low,5,namesilo,,,18/09/2026 22:16
36c41454-2430-4a46-8474-ddec4878252c,leprous.uk,available,6.49,6.49,medium,low,7,namesilo,,,23/08/2026 00:12
cb0f7cec-e773-45f7-9328-af5640ffcbf2,fortemente.uk,available,6.49,6.49,medium,low,10,namesilo,,,18/08/2026 12:36
26848d91-b3d6-447c-a3f0-5d45f954cce6,biotitic.uk,available,6.49,6.49,medium,low,8,namesilo,,,10/08/2026 03:33
7f1d4eeb-aee2-4dd9-b5f5-86034c28eec3,spinnable.uk,available,6.49,6.49,high,medium,9,namesilo,,,10/09/2026 15:45
4c165739-fe73-46f3-9511-6bf247ed072f,algin.uk,available,6.49,6.49,medium,low,5,namesilo,,,18/09/2026 07:04
0c229241-eddd-4ca0-b423-21f2c67b9607,explanations.uk,available,6.49,6.49,medium,low,12,namesilo,,,17/09/2026 10:05
d10f41ab-bc09-4ffb-a4ea-5cb5d98816fb,inshore.uk,available,6.49,6.49,medium,low,7,namesilo,,,22/08/2026 06:53
9efcba4b-5f7d-4c21-8592-5ca427f9ef25,epizoon.uk,available,6.98,9.98,medium,low,7,namecheap,,,15/08/2026 00:52
2d354448-fb6f-41d1-b898-20f2e8f04d23,cutaneous.uk,available,9.99,11.99,medium,low,9,name.com,,,13/08/2026 12:54
f7c333d9-8cb4-4f68-a313-472bdfbeeca8,hitter.uk,available,6.49,6.49,high,low,6,namesilo,,,22/09/2026 14:18
27e425f2-bd3e-422d-b5a9-dfc44e63d177,cathectic.uk,available,6.49,6.49,medium,low,9,namesilo,,,11/08/2026 21:45
201b8418-53b8-4d6d-b2e4-acd718408852,hymie.uk,available,6.49,6.49,high,medium,5,namesilo,,,10/09/2026 06:16
fa930d36-bdbc-448d-a743-e43da229cabb,lxxxiii.uk,available,6.49,6.49,medium,low,7,namesilo,,,
0887b7f3-6eff-4a5b-b589-a7c1969d83e5,skinless.uk,available,6.49,6.49,medium,low,8,namesilo,,,10/09/2026 09:42
d5a35eed-a05b-48f9-a5f6-322e3cac3043,flaring.uk,available,6.49,6.49,high,low,7,namesilo,,,
016b3d54-0269-49cb-a6ce-a71f40e25fd5,pages.uk,resell,,,high,low,5,Dreamscape Networks International Pte Ltd,10/06/2019 10:27,10/06/2027 10:27,26/09/2026 07:59
58debc17-4bb9-4e33-8153-bcf3effb9070,crowing.uk,available,6.49,6.49,medium,low,7,namesilo,,,10/08/2026 16:37
817e7b10-76b0-4033-82e8-f72dfa17af82,audubon.uk,available,6.49,6.49,medium,low,7,namesilo,,,21/09/2026 03:14
73518aca-8afa-4180-a6ba-c19c3d030bac,lidless.uk,available,6.49,6.49,medium,low,7,namesilo,,,23/08/2026 01:17
2fef3620-f9e5-475a-97bf-2b40a6916c02,embarrassed.uk,available,6.49,6.49,medium,low,11,namesilo,,,27/09/2026 06:32
d4bea75b-792f-452c-8c47-98771315f6a9,unduly.uk,available,6.49,6.49,medium,low,6,namesilo,,,16/09/2026 10:01
303efbe1-7981-4e42-ad15-47827122cbf4,embrace.uk,resell,,,high,low,7,Tool Domains EOOD t/a Edoms.com,18/01/2020 15:18,18/01/2027 15:18,27/09/2026 06:39
2f9458c0-b896-4704-9e95-cf5b3ac4c728,bermudas.uk,available,6.49,6.49,medium,low,8,namesilo,,,23/09/2026 09:44
73a6f79f-cd84-4730-b68d-7b9e2b2a6a49,aramean.uk,available,6.49,6.49,medium,low,7,namesilo,,,06/08/2026 12:02
1968c2c9-2f18-4e84-98da-83986b43a97f,measurably.uk,available,6.49,6.49,medium,low,10,namesilo,,,15/09/2026 13:50
9d902a0a-41d1-4230-92e6-e154efd6bd50,alerting.uk,available,6.49,6.49,high,low,8,namesilo,,,18/09/2026 05:27
a6d8a50e-1667-406f-85e5-f17eb3bc27a4,loiter.uk,available,6.49,6.49,medium,low,6,namesilo,,,11/09/2026 08:23
d60567c7-6b2b-4b20-b09d-681e80ac91ec,grungy.uk,available,6.49,6.49,low,low,6,namesilo,,,09/08/2026 09:36
26037f56-3b7e-4664-bef7-3b4425420db3,retrovir.uk,available,9.99,11.99,medium,low,8,name.com,,,21/09/2026 11:31
29260598-11d5-49f3-b082-953114e4f31b,cockroach.uk,resell,,,medium,low,9,Tool Domains EOOD t/a Edoms.com,02/07/2019 13:00,02/07/2027 13:00,26/09/2026 05:04
8e8e9ab5-b8c7-4bc1-ba50-463ecef0ae24,rotted.uk,available,6.98,9.98,medium,low,6,namecheap,,,13/08/2026 21:01
447c4198-a423-43a8-9a2f-4ae715f2fd69,abnormalcy.uk,available,6.98,9.98,medium,low,10,namecheap,,,16/09/2026 16:19
c1f02121-5ea8-436e-b3b6-3bee2251a3ad,daredevil.uk,resell,,,high,low,9,UMKY Limited,02/07/2019 13:02,02/07/2027 13:02,26/09/2026 05:25
a41593d8-106d-4c5b-942b-127f4f601376,orwellian.uk,available,6.98,9.98,medium,low,9,namecheap,,,04/09/2026 18:08
978f9251-c0e0-4918-a80e-7ed0a9594466,sweptwing.uk,available,6.49,6.49,medium,low,9,namesilo,,,11/09/2026 05:46
3caeb652-3e52-4c20-b75d-facf14a0beca,profoundly.uk,available,6.49,6.49,medium,low,10,namesilo,,,14/09/2026 11:16
c9f6b0a7-835d-4924-9ed7-37b67fc8d2f1,unionized.uk,available,6.98,9.98,medium,low,9,namecheap,,,03/09/2026 19:29
dc6867fa-38c2-4dea-98ff-d4e916dd0707,aigret.uk,available,9.99,11.99,medium,low,6,name.com,,,17/09/2026 20:56
3f542363-3913-46a9-b1c2-d4c2a9ee5058,pools.uk,resell,,,high,low,5,Centraserve Ltd,04/07/2019 13:00,04/07/2027 13:00,26/09/2026 08:15
053538b2-44f1-44be-9406-d00f87b7918c,avaram.uk,available,6.49,6.49,medium,low,6,namesilo,,,21/09/2026 08:40
08f02b2a-b163-44be-afd0-6aa697f7651a,presage.uk,available,6.49,6.49,medium,low,7,namesilo,,,09/09/2026 02:57
25a26870-335d-404e-8bd9-1a3324f404d7,democratic.uk,resell,,,high,low,10,"Dynadot, LLC t/a Dynadot",15/11/2021 17:56,15/11/2026 17:56,26/09/2026 05:29
58418cb4-1c35-453a-ba49-6d3b48ad7125,anaheim.uk,available,6.49,6.49,high,low,7,namesilo,,,19/09/2026 01:31
9822a6f3-9fb4-47a9-a384-d0a1d13f6c9f,lividly.uk,available,6.49,6.49,low,low,7,namesilo,,,15/09/2026 12:36
b3bfb142-5cfc-4b55-b973-6376ba2311a2,asdic.uk,available,6.49,6.49,medium,low,5,namesilo,,,20/09/2026 13:30
c45395e5-0b9d-4e97-9a6c-17981742dcd9,betimes.uk,available,6.49,6.49,medium,low,7,namesilo,,,13/09/2026 23:59
8ba6d90b-7b08-4f5d-8466-f97c63a2c2c8,bitterness.uk,available,9.99,11.99,medium,low,10,name.com,,,17/09/2026 03:08
c0196a79-2e6d-4ea7-90b8-1a24ff5a61df,feeder.uk,resell,,,high,low,6,Tool Domains EOOD t/a Edoms.com,17/01/2020 17:45,17/01/2027 17:45,26/09/2026 06:02
77ea65f8-954a-4be2-80cb-a1074f74f79d,feeler.uk,resell,,,medium,low,6,David Worth,31/03/2019 12:16,31/03/2027 12:16,26/09/2026 06:02
745c1091-a139-4d83-91da-3451bc563627,acentric.uk,available,6.49,6.49,medium,low,8,namesilo,,,
6f7c990e-66d1-480a-8da7-fc4bf78f14ed,pancake.uk,resell,,,high,low,7,Vital Domains Ltd,08/04/2019 10:54,08/04/2027 10:54,26/09/2026 08:00
1c93886c-035e-4289-b441-bffc62e1a843,nonviable.uk,available,6.98,9.98,low,low,9,namecheap,,,03/09/2026 21:02
9e68a67e-cac3-4474-9f41-1269a026ed86,tamarack.uk,available,6.98,9.98,medium,low,8,namecheap,,,18/09/2026 20:18
6c8f955f-4971-4d36-8bc0-3df7036bfac7,hyalin.uk,available,6.49,6.49,medium,low,6,namesilo,,,21/08/2026 16:10
ac23ba1c-5e7d-4548-9021-9bca9388a5b1,arbalist.uk,available,6.49,6.49,medium,low,8,namesilo,,,20/09/2026 00:35
9a68a641-3e1c-4ee6-a803-96770ab6b0c9,amazement.uk,available,6.49,6.49,high,low,9,namesilo,,,18/09/2026 16:18
c5121168-5344-4cb3-b717-49259c0fe735,grounds.uk,resell,,,high,low,7,"Dynadot, LLC t/a Dynadot",03/10/2020 21:05,03/10/2027 21:05,26/09/2026 06:30
28cac736-1c34-4547-819d-ba0af35e7140,slivery.uk,available,6.49,6.49,low,low,7,namesilo,,,10/09/2026 11:13
b0893184-96b0-4a85-a335-612b80fded9f,grandmothers.uk,available,6.98,9.98,medium,low,12,namecheap,,,20/09/2026 18:06
6e83521a-bd04-4d24-823e-ba72ef217241,punkie.uk,available,6.98,9.98,medium,low,6,namecheap,,,23/09/2026 22:31
4082fc77-15bf-47b8-a851-2fd6a2452a5d,provides.uk,available,6.49,6.49,medium,low,8,namesilo,,,16/09/2026 11:52
6a31beb0-90b6-4afb-9126-673d2f1e815f,intragroup.uk,available,6.49,6.49,medium,low,10,namesilo,,,22/08/2026 08:41
14c6b3bc-c2ef-4bef-86be-c52907d96132,belisarius.uk,available,6.49,6.49,medium,low,10,namesilo,,,23/09/2026 05:17
814d79e3-23ca-47bc-96ad-ed94cab270d2,learned.uk,resell,,,high,low,7,Mr Chris Vaughan,03/07/2019 13:00,03/07/2027 13:00,26/09/2026 07:10
08e62ce9-27f7-420e-9038-8f71e42bf466,approver.uk,available,6.49,6.49,medium,low,8,namesilo,,,19/09/2026 22:24
2c6d9d56-585c-47f2-ac17-bf2033d24bf4,shaking.uk,available,5.3,5.3,medium,low,7,cloudflare,,,28/09/2026 09:33
8f5c7e23-ed13-4546-bb81-3d3b98fef3a4,obamacare.uk,available,6.49,6.49,medium,low,10,namesilo,,,
878c1dc7-c830-4ec7-847b-a0303448a614,deciders.uk,available,6.98,9.98,medium,low,8,namecheap,,,20/09/2026 23:38
96d0c40f-0573-443e-ac09-8f92b6126d29,vestal.uk,available,6.49,6.49,medium,low,6,namesilo,,,13/09/2026 04:47
183c0748-2e58-4841-a8b8-a5b806aaf3d3,reversive.uk,available,6.49,6.49,medium,low,9,namesilo,,,09/09/2026 16:11
4a883edd-723f-45e0-8626-1209a8c4c517,decently.uk,available,6.98,9.98,medium,low,8,namecheap,,,13/08/2026 21:14
c1d5ddd7-b28d-43f2-a70a-db64b2912206,toklas.uk,available,6.49,6.49,medium,low,6,namesilo,,,18/09/2026 07:28
e16e3eb4-f7a7-4efd-864b-ee2bf899211b,bestiality.uk,resell,,,medium,low,10,Realtime Register BV,31/12/2024 05:58,31/12/2026 05:58,26/09/2026 04:22
a5791f25-970c-4179-af48-88abb4511335,moribund.uk,available,6.49,6.49,medium,low,8,namesilo,,,25/08/2026 06:31
be005c7d-085a-4b9a-acc9-22fc19a7034e,bandanna.uk,available,6.49,6.49,medium,low,8,namesilo,,,22/09/2026 00:59
43246163-f68a-4a8f-a1a2-c08b3d99fe35,rootless.uk,available,6.49,6.49,high,medium,8,namesilo,,,09/09/2026 18:36
dab8580c-0999-4d7a-9229-ceea7bec72f4,benzol.uk,available,6.49,6.49,high,low,6,namesilo,,,23/09/2026 08:53
68238221-235c-4ca0-a55d-19c6645cbb38,csa.uk,resell,,,high,low,3,,,,27/09/2026 17:26
16e3c03c-b48e-46f4-a00b-b8855bce8c39,distrust.uk,available,6.49,6.49,high,low,8,namesilo,,,24/09/2026 23:13
58f75ce3-5830-412b-975d-05242319f8ed,footling.uk,available,6.49,6.49,medium,low,8,namesilo,,,18/08/2026 03:30
e015b17a-6648-4e04-96c9-8df16d65cec8,obligate.uk,available,6.49,6.49,medium,low,8,namesilo,,,03/09/2026 23:37
d0c303fe-9906-4ace-a5ad-19f976049207,vainly.uk,available,6.49,6.49,medium,low,6,namesilo,,,15/09/2026 07:33
88eacc40-d3e1-4afd-8507-3a9536733470,tunguska.uk,available,6.49,6.49,medium,low,8,namesilo,,,19/09/2026 05:45
d05d915a-09e9-41f7-b4a0-5f1c975119c5,viviparous.uk,available,6.49,6.49,medium,low,10,namesilo,,,24/08/2026 07:53
af77c646-8654-4d0f-af9e-53f857abf7b5,damning.uk,available,9.99,11.99,medium,low,7,name.com,,,13/08/2026 16:33
9cb3a24f-d7f2-4dec-ba91-ec637c4657db,allophone.uk,available,6.98,9.98,medium,low,9,namecheap,,,18/09/2026 12:02
8556fdc8-6382-4ccb-be79-51d430288c78,suspects.uk,available,6.98,9.98,medium,low,8,namecheap,,,27/09/2026 03:17
b25f2098-8e6b-40a0-a666-c03d583b1279,grenadian.uk,available,6.98,9.98,high,low,9,namecheap,,,20/08/2026 20:00
f8001a19-b495-4cf5-8f9a-cade718e4d17,phrenic.uk,available,6.98,9.98,high,medium,7,namecheap,,,08/09/2026 19:21
7c575efa-e9dd-4fb9-aae5-3a3d9dbc6d32,oncoming.uk,available,6.49,6.49,medium,low,8,namesilo,,,04/09/2026 14:27
25143223-ac6a-48ca-a40e-92b6d4a25eb9,bandeau.uk,available,6.49,6.49,medium,low,7,namesilo,,,22/09/2026 01:04
4880015f-33dc-4ab6-a724-e6e48b5a6cdf,laughter.uk,resell,,,high,low,8,Richard Kandler t/a Nameplace,23/01/2020 18:55,23/01/2027 18:55,26/09/2026 07:09
fcfdaa04-f4ce-4179-8e21-22ebcb278103,ominous.uk,available,6.98,9.98,medium,low,7,namecheap,,,24/08/2026 20:00
1a5c23f2-f3f9-4bc6-92b7-b8c783a5c3a9,diatomic.uk,available,6.49,6.49,medium,low,8,namesilo,,,25/09/2026 09:24
d90d48d5-4fd4-48ca-b92e-fa535ccc5190,unrepaired.uk,available,6.98,9.98,medium,low,10,namecheap,,,12/09/2026 18:17
029602c7-3a30-406b-9349-a3f67970ce65,soap.uk,resell,,,high,low,4,Charles Scott t/a Domain Holdings UK,28/02/2019 12:10,29/02/2028 12:10,26/09/2026 09:07
1aec36c8-53a4-47dd-9f28-febfc6d05204,necrotic.uk,available,6.49,6.49,medium,low,8,namesilo,,,03/09/2026 14:45
fbad1cd6-7982-4a63-8f0b-c4ede509c299,bribable.uk,available,6.49,6.49,low,low,8,namesilo,,,11/08/2026 03:42
7906e37b-56d9-4d72-8ddc-80b678e419ac,diluvian.uk,available,6.49,6.49,medium,low,8,namesilo,,,14/08/2026 07:51
a4d367e6-89cb-4591-9186-f66d954581af,edgeless.uk,available,6.49,6.49,medium,low,8,namesilo,,,15/08/2026 08:37
585a0a3b-c5a5-4429-851d-f9ed51aab43b,reports.uk,resell,,,high,low,7,ANY-Web Limited,18/12/2016 23:51,18/12/2026 23:51,26/09/2026 08:36
111e9015-bb7e-46b0-984a-17a5ed042f2e,reddish.uk,resell,,,medium,low,7,ANY-Web Limited,21/03/2019 18:55,21/03/2027 18:55,26/09/2026 08:32
9bad6b30-4928-4640-b1d1-b7746954b0e0,fairly.uk,resell,,,high,low,6,Mr Lee Owen,11/09/2023 13:43,11/09/2027 13:43,26/09/2026 06:00
3736e8c7-01a5-4067-bc6d-daa43009c575,utter.uk,resell,,,high,low,5,Mr Lee Owen,11/09/2023 13:48,11/09/2027 13:48,26/09/2026 09:55
79136818-fda4-4cda-a5ae-176f3b9c4be5,tomboyish.uk,available,6.49,6.49,medium,low,9,namesilo,,,21/08/2026 14:32
d30edfb1-ea1f-4133-b669-1744d6ecc0a8,sonorous.uk,available,6.49,6.49,high,low,8,namesilo,,,10/09/2026 14:13
68012836-6ef1-4d5e-83bc-68c597b7e32b,lacing.uk,available,6.49,6.49,medium,low,6,namesilo,,,13/09/2026 11:13
8e1beabd-ff4d-465a-89fd-34f782482017,cordate.uk,available,6.49,6.49,medium,low,7,namesilo,,,13/08/2026 00:50
bcd9145d-6823-465a-9d88-e7e046e235c4,antwerpen.uk,available,6.49,6.49,medium,low,9,namesilo,,,19/09/2026 15:48
532b7b57-3cd8-4914-ab77-d6313b11f405,qaeda.uk,available,6.49,6.49,medium,low,5,namesilo,,,18/09/2026 00:59
51d8fe63-d480-4e63-a36b-daf00c4fb7ba,spirea.uk,available,6.49,6.49,medium,low,6,namesilo,,,20/09/2026 17:27
b354bbdb-7739-46a0-ab87-118b7e9c843c,confessed.uk,available,5.3,5.3,medium,low,9,cloudflare,,,28/09/2026 04:56
b202d480-84fb-472d-85ea-9732261128fc,speakers.uk,resell,,,medium,low,8,Mr Chris Vaughan,04/07/2019 13:00,04/07/2027 13:00,26/09/2026 09:11
39469a43-fcc8-4bc8-9068-ec95a7f38f6c,coach.uk,resell,,,high,low,5,Charles Scott t/a Domain Holdings UK,28/02/2019 10:21,29/02/2028 10:21,26/09/2026 05:04
c71904b4-d0e7-4a53-bc74-05b36ae2bf02,consideration.uk,resell,,,high,low,13,,,,28/09/2026 04:23
4dc3115a-e188-4324-a15a-2fcfbf634204,admittedly.uk,available,6.98,9.98,medium,low,10,namecheap,,,11/09/2026 20:31
13bb9d16-7ad5-48d3-abfd-f25ac8c002d6,amir.uk,resell,,,high,low,4,Garner Media Ltd,10/06/2019 12:28,10/06/2027 12:28,26/09/2026 03:50
45bee9ad-cb32-41db-acc5-e0e1aaec3035,cannibal.uk,resell,,,medium,low,8,"GoDaddy.com, LLC.",05/02/2025 07:54,05/02/2027 07:53,26/09/2026 04:45
3311188d-6774-4607-8d46-f43bf674c8b4,batsman.uk,available,9.99,11.99,medium,low,7,name.com,,,22/09/2026 14:19
491e716a-0f33-43bc-b621-610327a749e8,alvine.uk,available,6.49,6.49,medium,low,6,namesilo,,,
3506fd00-caf2-4aed-9173-8324bd0b3a34,badgering.uk,available,6.49,6.49,medium,low,9,namesilo,,,13/09/2026 13:19
523b3920-ac2c-4ee5-9029-984fed084df8,harijan.uk,available,6.49,6.49,medium,low,7,namesilo,,,12/09/2026 21:38
3908a864-c31f-4254-9f5a-525e5a293920,bitis.uk,available,6.49,6.49,medium,low,5,namesilo,,,23/09/2026 22:37
4b7652da-d07f-4caf-b043-47bbe39bf5ab,improver.uk,resell,,,high,low,8,Mantas Simkus,03/02/2020 10:32,03/02/2027 10:32,26/09/2026 06:49
964d0604-f740-43d4-a908-a8f6f6f0e91f,nigerien.uk,available,6.49,6.49,medium,low,8,namesilo,,,03/09/2026 17:14
201e70c3-25e2-4172-a562-3a05210cb012,impending.uk,available,6.98,9.98,medium,low,9,namecheap,,,21/08/2026 20:59
59b924fe-01ce-4eb3-8d64-e2db09d4f08e,defile.uk,available,6.49,6.49,medium,low,6,namesilo,,,24/08/2026 12:53
8c2cf863-dd41-4a35-9b0b-4582cd7b3bf4,fateful.uk,available,6.49,6.49,medium,low,7,namesilo,,,11/08/2026 13:32
ce03c97d-fcad-4097-bb7f-8d5e9df094e9,upbound.uk,available,6.49,6.49,medium,low,7,namesilo,,,12/09/2026 23:02
48c9e9fe-5c65-46c7-9502-9a4567b24302,prognostic.uk,available,6.49,6.49,high,medium,10,namesilo,,,09/09/2026 01:26
3e1b444a-aa33-4132-b0cc-b0a816cae1b2,textile.uk,resell,,,high,low,7,Charles Scott t/a Domain Holdings UK,28/02/2019 12:10,29/02/2028 12:10,28/09/2026 02:25
a31cc635-f919-4d83-bb8d-aeaae4c50630,vacuum.uk,resell,,,high,low,6,Mr Chris Vaughan,05/07/2019 13:00,05/07/2027 13:00,26/09/2026 09:55
0b0b130e-363d-4853-896a-b9d180ff3a7d,voluptuous.uk,available,6.49,6.49,high,low,10,namesilo,,,10/08/2026 20:39
b34c32b3-0c27-4352-8693-be92fd1d14f7,oceanic.uk,resell,,,high,medium,7,Simon Fox,14/06/2019 14:51,14/06/2027 14:51,26/09/2026 07:51
7699f9cb-aa23-430c-b59b-6f74db032140,musky.uk,available,6.49,6.49,medium,low,5,namesilo,,,03/09/2026 11:33
1f901e30-6a70-4776-9441-7877dbe9fd58,tortrix.uk,available,6.98,9.98,medium,low,7,namecheap,,,20/09/2026 05:04
bce9db7a-6a26-4430-b578-9f50be2e030c,tap.uk,resell,,,high,medium,3,"GoDaddy.com, LLC.",05/07/2019 13:00,05/07/2027 13:00,27/09/2026 03:03
6d9731e2-b8c4-42a7-ac25-08e136615128,averment.uk,available,6.49,6.49,medium,low,8,namesilo,,,20/09/2026 16:16
cef4aa74-00cb-4361-990f-4a7a47ab65fc,acanthus.uk,resell,,,medium,low,8,Porkbun LLC,30/01/2026 16:38,30/01/2027 16:38,26/09/2026 01:19
0cfbb99c-aba6-42a3-962f-6cc2fa1498d2,freaking.uk,available,6.49,6.49,medium,low,8,namesilo,,,
25e56e44-6527-45f2-a8dd-475ae7f0e70c,overturned.uk,available,6.49,6.49,medium,low,10,namesilo,,,04/09/2026 21:55
bee1c741-f42f-4c46-9feb-a9f93c9ba01a,affirmer.uk,available,6.49,6.49,medium,low,8,namesilo,,,17/09/2026 14:33
7226a710-c2c9-46d5-986a-27b9110de410,appreciated.uk,available,6.49,6.49,high,low,11,namesilo,,,28/09/2026 07:22
be510dc7-f551-4d9f-aa18-1769598058f2,punkey.uk,available,6.49,6.49,medium,low,6,namesilo,,,23/09/2026 22:34
ab6e8cf8-0bd2-4e16-a9c3-9793db044473,abides.uk,available,6.49,6.49,medium,low,6,namesilo,,,18/09/2026 17:00
cf66b64a-caab-4768-8ed9-b832b5180645,survived.uk,available,9.99,11.99,medium,low,8,name.com,,,19/09/2026 19:18
8e60d4a3-4deb-40d1-beb2-aa3fc70b4bc6,needing.uk,available,6.49,6.49,high,low,7,namesilo,,,
19f344ee-e677-4f7e-8ca2-77d74c01a24b,seconded.uk,available,6.49,6.49,medium,low,8,namesilo,,,20/09/2026 15:37
0e1cb17a-c6a0-4f8c-8625-5ee230a438cb,numberless.uk,available,6.49,6.49,medium,low,10,namesilo,,,13/08/2026 03:42
4d50a21e-3e57-4d93-9e2a-f5ca9c03768a,bleeding.uk,available,6.49,6.49,high,low,8,namesilo,,,24/09/2026 05:28
852d1ddc-f7ad-46c5-b6a5-3fd7b4fd90a2,altoona.uk,available,6.98,9.98,medium,low,7,namecheap,,,18/09/2026 15:04
24f42bf3-7b08-4b54-8933-4bb6237c55e4,bleeder.uk,available,6.49,6.49,medium,low,7,namesilo,,,24/09/2026 05:24
d6393a40-a503-4f7f-b063-8acb63717f5f,kinglike.uk,available,6.49,6.49,medium,low,8,namesilo,,,22/08/2026 16:19
511e2f33-8b67-49cc-a82d-605d54214b3b,attired.uk,available,6.49,6.49,medium,low,7,namesilo,,,06/08/2026 04:47
ee123d81-31cc-405b-bbb3-9c169119157e,pasted.uk,available,6.49,6.49,medium,low,6,namesilo,,,20/08/2026 15:14
bb163375-5b58-4001-85bf-0c3567e3bc9e,advisement.uk,available,6.49,6.49,medium,low,10,namesilo,,,17/09/2026 11:32
f118f2da-369d-4f56-975f-3e5dab8785a7,acores.uk,available,6.49,6.49,high,low,6,namesilo,,,17/09/2026 02:16
f60625af-71c4-4e59-8b85-fe30e29f9906,balaton.uk,available,9.99,11.99,medium,low,7,name.com,,,21/09/2026 21:18
73b80849-dc3b-42d1-8814-92be38d8d176,humanlike.uk,available,6.49,6.49,medium,low,9,namesilo,,,
230b0b29-bdb6-4a59-8895-9c42d8f98012,unrigged.uk,available,6.98,9.98,low,low,8,namecheap,,,12/09/2026 18:28
5d7ec106-8452-47a5-a549-5cb37bfe97dd,stressful.uk,available,6.49,6.49,medium,low,9,namesilo,,,03/09/2026 15:42
92900afc-cd94-4dd2-af78-e5f2ecd40e26,sawtooth.uk,available,6.49,6.49,medium,low,9,namesilo,,,
c9b754bf-ef40-4451-b8dc-c64897c6087d,calciferol.uk,available,9.99,11.99,medium,low,10,name.com,,,13/08/2026 15:07
20256bd8-5a05-4ccd-9d12-e37d884fe1e7,indulging.uk,available,6.49,6.49,high,low,9,namesilo,,,05/09/2026 00:26
d1ca378d-3804-4682-8b69-06d8f401357d,segmental.uk,available,6.49,6.49,medium,low,9,namesilo,,,24/08/2026 21:41
11241474-1b52-499d-8352-e0bf5c6c6c56,rasta.uk,resell,,,high,medium,5,"GoDaddy.com, LLC.",04/07/2019 13:02,04/07/2027 13:02,26/09/2026 08:30
b40bf430-f78d-40ed-add3-d7fe1d576437,disloyalty.uk,available,6.49,6.49,medium,low,10,namesilo,,,24/09/2026 22:47
9380e617-f0ee-4549-9c58-dc00ff2c10f7,warring.uk,available,6.49,6.49,medium,low,7,namesilo,,,13/09/2026 08:11
e0f1c58b-3b08-46aa-9254-337e25be188b,impeding.uk,available,6.49,6.49,medium,low,8,namesilo,,,12/08/2026 11:44
dd9ca915-cb79-4fde-9353-96c689456614,dana.uk,resell,,,high,low,4,Find Your Domain LLC t/a FYD,02/07/2019 13:00,02/07/2027 13:00,26/09/2026 05:24
853158e8-3e80-434a-b77c-fdff1a78fbbb,susquehanna.uk,available,6.49,6.49,medium,low,11,namesilo,,,27/09/2026 01:59
614c10ad-247a-42c3-bb38-385e92b4c0f6,sophistication.uk,available,6.49,6.49,high,low,14,namesilo,,,
610c1719-c4cd-492f-8108-6a625a8e7677,tenuous.uk,available,6.49,6.49,medium,low,7,namesilo,,,11/09/2026 11:41
82a65dcf-e6dd-4e50-b3c1-2de17f19016c,orbicular.uk,available,6.49,6.49,medium,low,9,namesilo,,,08/08/2026 10:11
dd675986-ded5-4b9d-8335-3ce335489746,anodic.uk,available,6.49,6.49,high,low,6,namesilo,,,
ade65a96-2d60-4c2b-a547-4d1143b0c7e5,abradant.uk,available,6.49,6.49,medium,low,8,namesilo,,,
84295146-4fef-4f1d-9cee-a7431b513481,enlivening.uk,available,6.49,6.49,medium,low,10,namesilo,,,
3dc58208-9863-44aa-91e1-a0e14b93cc34,counted.uk,resell,,,medium,low,7,Global Domains Limited t/a Global Domains Limited,18/03/2019 18:05,18/03/2027 18:05,26/09/2026 05:16
9a2395f6-5e4f-47b8-beef-738729d25be4,continuously.uk,available,6.49,6.49,medium,low,12,namesilo,,,
e053157e-c426-4a2b-b3f3-ea691c1b5ecf,sedgy.uk,available,6.49,6.49,medium,low,5,namesilo,,,10/09/2026 01:38
45152af3-2ad1-4f0f-b276-e74780a71b4b,informing.uk,available,6.49,6.49,high,low,9,namesilo,,,
f353fea2-763c-462a-9e92-30bc8d59acc5,tannic.uk,available,6.49,6.49,medium,low,6,namesilo,,,11/09/2026 08:01
b077039d-e702-4cf3-9422-0902416f761f,lasted.uk,available,5.42,5.42,medium,low,6,spaceship,,,28/09/2026 04:59
e97d986f-ffc4-44b0-b771-605ef855faf4,antipode.uk,available,6.49,6.49,medium,low,8,namesilo,,,19/09/2026 14:58
5e141c82-a499-4413-bd20-88b5933957d9,sultrily.uk,available,6.49,6.49,medium,low,8,namesilo,,,16/09/2026 01:00
3e3f6a8d-9bd4-4acf-8b99-737e22a75983,honourable.uk,available,6.49,6.49,high,low,10,namesilo,,,21/08/2026 13:34
b071814e-1ee8-4ce0-a01f-2cb259823978,overdone.uk,available,6.49,6.49,medium,low,8,namesilo,,,17/08/2026 15:34
17f992dd-bbd6-4ff0-ba25-0317f87dc611,biotype.uk,available,6.98,9.98,medium,low,7,namecheap,,,23/09/2026 19:14
21aa2d4d-fddd-49ec-ae4e-33d12fde5ae2,fucksome.uk,available,6.49,6.49,low,low,8,namesilo,,,
d0dbe76b-c581-4c2e-956a-9b46a281288f,piddling.uk,available,6.49,6.49,low,low,8,namesilo,,,18/08/2026 03:33
4325b8aa-a7c9-4bd0-b672-80f2798aaeec,abkhazia.uk,available,6.98,9.98,medium,low,8,namecheap,,,16/09/2026 16:03
51efb3db-3cc8-488c-840f-0214b01a7cb0,tastefully.uk,available,6.49,6.49,medium,low,10,namesilo,,,16/09/2026 07:59
130250d1-2111-49bb-8464-6e6a092c67aa,datable.uk,available,9.99,11.99,medium,low,7,name.com,,,13/08/2026 18:36
8ce7a51e-2f40-4610-aa6d-226afd189b33,warrior.uk,resell,,,high,low,7,,,,27/09/2026 05:52
99cefc32-a484-4752-9fac-e4db107d0314,thb.uk,resell,,,high,low,3,Stephen Hall,11/01/2020 15:28,11/01/2027 15:28,26/09/2026 09:35
76519f61-122b-4505-ba1b-ec59197a5b88,whitener.uk,available,6.49,6.49,medium,low,8,namesilo,,,24/09/2026 03:50
b7cf9278-3469-4094-a01f-c11c74bec4cb,spatially.uk,resell,,,medium,low,9,ANY-Web Limited,08/01/2017 22:01,08/01/2027 22:01,26/09/2026 09:11
757b2525-d98a-497a-b9ed-f5df0d4c0916,blessing.uk,resell,,,high,low,8,Laughing Banana Enterprises Ltd,25/03/2019 10:07,25/03/2027 10:07,26/09/2026 04:29
a9480efd-98ec-459f-a582-b711e8cdce15,persisting.uk,available,6.49,6.49,high,low,10,namesilo,,,14/08/2026 15:05
908142e1-2a23-4826-9f98-32e7aff2ee76,throated.uk,available,6.49,6.49,medium,low,8,namesilo,,,11/09/2026 14:39
6f44d32c-8a9b-480a-a759-2312e705b950,manlike.uk,available,6.49,6.49,medium,low,7,namesilo,,,24/08/2026 14:48
f220cf5e-6968-4183-b2dc-dce17c972ff9,thumping.uk,available,6.49,6.49,medium,low,8,namesilo,,,08/08/2026 13:08
342f1959-3dd1-4165-9d30-6d0ab61b9a53,palmae.uk,available,6.49,6.49,medium,low,6,namesilo,,,20/09/2026 03:32
e8fe85b6-11d8-44d8-958b-77fab872a52a,plausible.uk,resell,,,high,low,9,Dave Searle,14/06/2022 17:43,14/06/2027 17:43,26/09/2026 08:12
618b155e-bd94-4029-b4e5-9009e3e8457e,delusive.uk,available,6.49,6.49,medium,low,8,namesilo,,,14/08/2026 00:53
c8d2f5a0-e0c1-4669-9ac5-8c74e06ba23b,foretoken.uk,available,6.49,6.49,medium,low,9,namesilo,,,21/09/2026 03:42
a6fc89ff-13d5-4336-b437-593629df8e38,unfathomed.uk,available,6.49,6.49,medium,low,10,namesilo,,,12/09/2026 09:57
3893ed5d-cb23-4f1c-9246-528f8d4e2991,blanquillo.uk,available,6.49,6.49,medium,low,10,namesilo,,,24/09/2026 04:04
2f88ecd4-9b3c-4e80-8708-c98a2fdc177c,aquiline.uk,available,6.49,6.49,medium,low,8,namesilo,,,06/08/2026 11:01
77944096-a045-487a-83d2-e024a388fcb1,bushwhack.uk,available,6.49,6.49,medium,low,9,namesilo,,,18/09/2026 17:32
edb473fe-b655-4c62-ad3e-5d56c23d74be,backstairs.uk,available,6.49,6.49,medium,low,10,namesilo,,,08/08/2026 06:26
573b06a1-52dd-44ef-81cf-ebcf440f5141,ring.uk,resell,,,high,low,4,Mr DJ Wood t/a Domain Names Ltd,10/09/2022 18:12,10/09/2027 18:12,26/09/2026 08:41
32f6d3b3-e385-4dff-be02-33ee73e17e63,aedes.uk,available,6.98,9.98,medium,low,5,namecheap,,,17/09/2026 12:09
39e79859-65d0-45f9-9e79-c1be90212cd9,lamely.uk,available,6.49,6.49,low,low,6,namesilo,,,15/09/2026 10:37
11aa4b76-4d6e-45b5-a33f-38ca9062f90a,compilers.uk,resell,,,medium,low,9,CO22 Limited,15/06/2019 10:17,15/06/2027 10:17,26/09/2026 05:09
c0bc69ab-2e0d-43d5-82ef-13b261b521f7,alertness.uk,available,6.49,6.49,high,low,9,namesilo,,,18/09/2026 05:27
bbe79763-d197-4e4c-8e49-16f17f0de9a1,rattled.uk,available,6.49,6.49,medium,low,7,namesilo,,,18/08/2026 09:33
cd5d4e3e-095c-4772-9789-278b69621e33,acidotic.uk,available,6.49,6.49,medium,low,8,namesilo,,,
cf1854f8-8550-440a-8073-d142a42d6d8d,sunstruck.uk,available,6.49,6.49,medium,low,9,namesilo,,,11/09/2026 02:01
97c983df-cf39-4bdb-a38f-037a420142be,scapegrace.uk,available,6.98,9.98,medium,low,10,namecheap,,,24/09/2026 01:41
5512775c-a34c-4f76-8755-65c197066ee9,christly.uk,available,6.49,6.49,medium,low,8,namesilo,,,12/08/2026 07:21
4f04bfde-9bb6-4e61-9f5d-12c3989ae4fa,ancillary.uk,available,6.49,6.49,high,low,9,namesilo,,,
84a88cd2-d729-41eb-afcc-445554338ff8,composing.uk,resell,,,high,low,9,UK Internet Services Ltd,11/01/2020 01:55,11/01/2027 01:55,26/09/2026 05:10
969db38c-1f16-4289-99c7-3645af1e9db1,obliging.uk,available,6.98,9.98,high,low,8,namecheap,,,12/08/2026 19:27
d2452477-c349-44f9-b711-5938fa4e548e,dragging.uk,available,6.98,9.98,medium,low,8,namecheap,,,14/08/2026 18:16
1f08d499-0bc6-4a1f-81f1-eaa5e6affbf1,phosphorus.uk,resell,,,medium,low,10,ANY-Web Limited,09/04/2022 09:19,09/04/2027 09:19,26/09/2026 08:08
ac0258b9-38b3-4e35-a9cd-5acc7e472a1e,subclavian.uk,available,6.49,6.49,medium,low,10,namesilo,,,10/09/2026 23:40
63278611-1efc-49a7-88b5-493f87c63c97,civilians.uk,resell,,,medium,low,9,,,,28/09/2026 05:06
3ca15a4f-fbea-4823-865d-20e1dc1e95dd,fizzing.uk,available,6.49,6.49,medium,low,7,namesilo,,,18/08/2026 06:02
17f9db01-286a-4f0d-8e34-2c1d5771bca2,saratoga.uk,resell,,,high,low,8,"Dynadot, LLC t/a Dynadot",21/12/2025 11:23,21/12/2026 11:23,26/09/2026 08:49
0689939a-5f17-4efc-ae68-f5bb1e9c6958,upsetting.uk,available,6.49,6.49,medium,low,9,namesilo,,,14/08/2026 09:55
1bde8427-2f5a-4682-ba2d-0d692e0a03b1,breastless.uk,available,6.49,6.49,medium,low,10,namesilo,,,11/08/2026 03:14
aa3262ac-4e01-4777-849c-129f397fc8eb,dissembler.uk,available,6.98,9.98,medium,low,10,namecheap,,,08/09/2026 19:10
baeedbcc-98cb-4c78-8ba5-10233482ded9,jejune.uk,available,6.49,6.49,medium,low,6,namesilo,,,22/08/2026 12:45
0835f945-cc45-46f3-806e-cc4920e22173,unoccupied.uk,resell,,,medium,low,10,UK Internet Services Ltd,23/11/2021 06:33,23/11/2026 06:33,26/09/2026 09:52
33291b5f-e2b4-4b1f-83ea-6a36240121ef,adenine.uk,available,6.49,6.49,medium,low,7,namesilo,,,17/09/2026 07:24
d0e9f9d5-a9e2-4910-be00-2fe22351c1b6,encumbered.uk,available,6.98,9.98,medium,low,10,namecheap,,,17/08/2026 00:40
05b89ca8-f31b-474e-b171-729071807e1f,stewardess.uk,available,6.49,6.49,high,low,10,namesilo,,,17/09/2026 22:26
34d301b7-ebf1-4ae6-b3a5-7c95c5bc7f69,scriabin.uk,available,6.49,6.49,medium,low,8,namesilo,,,18/09/2026 05:07
94896922-45ac-4897-8358-5455aacb9da5,barrelfish.uk,available,6.98,9.98,medium,low,10,namecheap,,,22/09/2026 08:20
15e3fb0a-59c9-4e4c-9a3a-90b3faf7f611,afrikaans.uk,available,6.49,6.49,medium,low,9,namesilo,,,
e0d69777-02d5-477f-aa42-57c65a390062,pituitary.uk,available,6.98,9.98,high,medium,9,namecheap,,,08/09/2026 20:08
21d5fb27-a98d-40d0-9b97-c9fdf00d3224,abattoir.uk,resell,,,medium,low,8,"Dynadot, LLC t/a Dynadot",09/08/2016 19:54,09/08/2027 19:54,26/09/2026 01:18
9884dffb-dbd3-428a-9787-cda24ccec145,southmost.uk,available,6.49,6.49,high,medium,9,namesilo,,,10/09/2026 14:55
c58fd6d3-0a6a-480e-a4dd-252d4b652763,part.uk,resell,,,high,low,4,Nigel Ankin t/a Digital Wales,30/10/2017 09:32,30/10/2027 08:32,26/09/2026 08:02
61e059d4-aeb1-4cee-becb-929e1f9bf0b9,barbarian.uk,resell,,,medium,low,9,Centraserve Ltd,01/07/2019 13:00,01/07/2027 13:00,26/09/2026 04:15
c9d2daf5-41e4-4279-bcee-c5f5849ad671,hurtful.uk,available,6.49,6.49,medium,low,7,namesilo,,,14/08/2026 00:28
2db3093d-5976-4381-808e-c25eb866e591,fights.uk,resell,,,medium,low,6,Global Domains Limited t/a Global Domains Limited,24/04/2019 11:18,24/04/2027 11:18,26/09/2026 06:04
3b264c6e-06b6-4ce1-a0b2-a52e2ce1366f,ormazd.uk,available,6.98,9.98,medium,low,6,namecheap,,,17/09/2026 20:41
c9d1ddcd-d050-4ef4-9252-3fa1180ca638,economically.uk,available,6.49,6.49,medium,low,12,namesilo,,,
149842a6-f90c-4cc0-a29e-4027d808b3c3,baryon.uk,available,6.49,6.49,medium,low,6,namesilo,,,22/09/2026 09:41
ddc9e08d-48a9-44fc-92c2-ad0c625a80c0,disjoint.uk,available,6.49,6.49,medium,low,8,namesilo,,,14/08/2026 11:09
48e3a388-f48b-4819-a420-52a9da405450,development.uk,resell,,,high,low,11,Charles Scott t/a Domain Holdings UK,28/02/2019 10:21,29/02/2028 10:21,28/09/2026 04:38
1f0ba562-3fe3-40d2-8057-b6d6b10ffb7c,incensed.uk,available,6.49,6.49,medium,low,8,namesilo,,,22/08/2026 01:01
b1f4102f-034b-4b65-9896-d81a3bf1f1bb,vic.uk,resell,,,high,medium,3,Existent Ltd,11/06/2019 08:39,11/06/2027 08:39,26/09/2026 09:59
336b0426-680f-4904-bb27-45ef57be6db0,wwii.uk,available,6.49,6.49,medium,low,4,namesilo,,,28/09/2026 07:36
2e284305-7e21-44b4-bf16-aa5885c0c351,calculable.uk,available,6.49,6.49,medium,low,10,namesilo,,,11/08/2026 13:54
dacf9e21-6150-4127-9bc7-ff19d2d6e367,unpowered.uk,available,6.49,6.49,medium,low,9,namesilo,,,12/09/2026 17:18
b8e246af-cdc3-42cb-8e91-10df78512bc9,statistics.uk,resell,,,high,low,10,R Karpis,31/03/2019 18:31,31/03/2028 18:31,26/09/2026 09:17
6e24be3e-a164-48e5-88a7-f29b35739a6f,arequipa.uk,available,6.49,6.49,medium,low,8,namesilo,,,20/09/2026 03:53
59fdd954-4f10-4c25-8548-ef27249f59f5,gnostic.uk,available,6.49,6.49,medium,low,7,namesilo,,,20/08/2026 15:47
74a07562-2cd0-4a77-993b-6a26f6a2686f,exhaust.uk,resell,,,high,low,7,Charles Scott t/a Domain Holdings UK,28/02/2019 10:29,29/02/2028 10:29,26/09/2026 05:56
e57b0ac7-27f3-4212-b4b4-5ecc838d379f,ankylosaur.uk,available,6.49,6.49,medium,low,10,namesilo,,,19/09/2026 09:52
99e584db-4deb-4efd-8d9d-ff8c20544205,operations.uk,resell,,,high,low,10,Richard Kandler t/a Nameplace,04/07/2019 13:00,04/07/2027 13:00,28/09/2026 08:17
d20157ff-018c-4a07-87a6-85c18f4ade81,rattling.uk,available,6.49,6.49,medium,low,8,namesilo,,,11/08/2026 04:30
e9cb72df-c02b-4122-8af4-ce407789fb52,fauna.uk,resell,,,high,low,5,Simon Fox,29/03/2019 23:47,29/03/2027 22:47,26/09/2026 06:02
2ae2ec8e-6dd1-4f33-95d8-e4b7e3fd1cc4,clemency.uk,available,6.98,9.98,high,low,8,namecheap,,,24/09/2026 15:31
3699cc17-fb72-4084-a2f7-91bf97009569,regimented.uk,available,6.49,6.49,high,medium,10,namesilo,,,09/09/2026 12:55
de4bd203-94d3-4dea-8512-775cad1ff1eb,mcnamara.uk,resell,,,medium,low,8,,,,27/09/2026 08:09
256c7e0f-09a2-495d-872e-eb9b8ff285bc,walked.uk,resell,,,medium,low,6,Namecamp Limited t/a Yay.com,15/09/2025 18:26,15/09/2027 18:26,26/09/2026 10:03
c1083b6e-cd4b-4028-8209-f99e4147a7f1,slut.uk,resell,,,high,low,4,"GoDaddy.com, LLC.",10/09/2020 16:31,10/09/2030 16:31,26/09/2026 09:05
7df4a996-3535-4b9f-bb61-37edba72461f,shamanist.uk,available,6.49,6.49,medium,low,9,namesilo,,,10/09/2026 05:49
0dbc5038-0d61-4e83-aaf2-d1e347defbab,adoring.uk,available,6.98,9.98,high,low,7,namecheap,,,21/09/2026 19:41
555bd5ee-ce92-44b6-be49-3fffeffb7547,miotic.uk,available,6.49,6.49,medium,low,6,namesilo,,,25/08/2026 01:00
e2c5014a-eff5-4a0a-9b93-fb57355588c1,addable.uk,available,6.49,6.49,medium,low,7,namesilo,,,
2ae71d32-c98c-4971-9b6f-3257e57c8408,rake.uk,resell,,,medium,low,4,ANY-Web Limited,21/03/2019 18:54,21/03/2027 18:54,27/09/2026 07:07
02ea7ddc-b988-47e9-a333-b59a1d0051e5,veridical.uk,available,6.49,6.49,high,low,9,namesilo,,,13/09/2026 02:24
fd5afe84-ae96-481c-9838-823699a96f93,inconsistent.uk,available,6.49,6.49,medium,low,12,namesilo,,,
ccd0dcce-0086-45f0-abc4-b51dc23c68bd,echt.uk,resell,,,high,low,4,ANY-Web Limited,21/03/2019 17:15,21/03/2027 17:15,26/09/2026 05:45
26064ba7-1839-4e3e-8c00-9151521ed956,inevitably.uk,available,6.49,6.49,medium,low,10,namesilo,,,15/09/2026 08:09
00cb32ae-028e-4d4c-9db7-93f324a43229,clinquant.uk,available,6.49,6.49,medium,low,9,namesilo,,,12/08/2026 11:08
c063184e-3ee1-4311-a0a2-07db640bd429,haifa.uk,resell,,,high,low,5,,,,28/09/2026 02:03
5b63c880-639b-4aa5-aa5c-6ba41a7b26b2,ionized.uk,available,6.49,6.49,medium,low,7,namesilo,,,22/08/2026 09:31
2ce075eb-a387-4be1-88e2-c64ab01a2b0e,parvenue.uk,available,6.49,6.49,medium,low,8,namesilo,,,03/09/2026 22:16
a6b0c249-9884-45b2-8f57-46be44747eff,cincinnati.uk,available,6.49,6.49,high,low,10,namesilo,,,
7819a4c1-9e6b-415d-9e6b-40104540e9ad,absorbency.uk,available,6.98,9.98,medium,low,10,namecheap,,,16/09/2026 18:15
f9b1e272-a96f-4064-9ef9-e31deac4522a,lollygag.uk,available,6.49,6.49,medium,low,8,namesilo,,,11/09/2026 08:29
b435d374-8b06-4c44-917d-f22434138077,abactinal.uk,available,9.98,,medium,low,9,namecheap,,,
a7628c9d-d71b-4637-915f-f2abceaa4f0d,capsular.uk,available,6.49,6.49,medium,low,8,namesilo,,,08/09/2026 04:10
6b7ca263-b3e5-4680-a4b9-a89c57d4c5a1,athabascan.uk,available,6.98,9.98,medium,low,10,namecheap,,,20/09/2026 20:23
bbf23458-efb6-4f34-b111-3db251d566ec,allowing.uk,available,5.42,5.42,medium,low,8,spaceship,,,28/09/2026 08:42
1d591965-dcee-498b-a296-edc0b6a19900,choc.uk,resell,,,high,low,4,Garner Media Ltd,10/06/2019 12:28,10/06/2027 12:28,26/09/2026 04:55
1c31815c-0765-4150-ac35-95fe23a938ca,coffeehousing.uk,available,6.98,9.98,medium,low,13,namecheap,,,20/09/2026 21:09
dc7e1549-6d0d-4f6e-97c3-ef0d2b5716ef,coxa.uk,available,6.49,6.49,medium,low,4,namesilo,,,20/09/2026 11:23
821b57c1-8d56-4417-8905-1c6bc3d9aec0,energizing.uk,available,6.49,6.49,high,low,10,namesilo,,,
74793d3e-9c2e-4023-8011-fc4e5022536c,cubbyhole.uk,available,6.49,6.49,high,medium,9,namesilo,,,10/09/2026 12:52
d088646b-3a84-46c1-8716-1c051b5f8194,darken.uk,available,6.98,9.98,high,low,6,namecheap,,,25/09/2026 09:15
519a3d9f-87e0-4f0d-8961-81eb9a050014,akha.uk,available,6.49,6.49,medium,low,4,namesilo,,,17/09/2026 23:55
2795c2a9-597f-4245-ba76-1f0de416d978,overripe.uk,available,6.49,6.49,medium,low,8,namesilo,,,04/09/2026 21:44
f04d8dec-f0cb-404e-b53d-c7a6f7cf52e2,francium.uk,resell,,,medium,low,8,ANY-Web Limited,09/04/2022 09:19,09/04/2027 09:19,26/09/2026 06:14
92aea971-929f-4446-85e4-39a0a22d2561,agnatha.uk,available,6.98,9.98,medium,low,7,namecheap,,,17/09/2026 18:31
d04d8b5e-549f-4a39-a0ab-c4d44dfef788,haploid.uk,available,6.49,6.49,medium,low,7,namesilo,,,20/08/2026 23:55
783f9644-e3d0-46c4-b356-bd157433e712,learns.uk,resell,,,medium,low,6,David Worth,29/03/2019 20:12,29/03/2027 19:12,26/09/2026 07:10
c2437ab0-4918-42fe-94ee-66d9e132d279,plattensee.uk,available,6.98,9.98,medium,low,10,namecheap,,,21/09/2026 21:22
26dcd2f0-f15c-4a63-aca3-076f4aabec28,tautog.uk,available,6.98,9.98,medium,low,6,namecheap,,,24/09/2026 02:17
8672ddd8-87d9-4d4b-b596-c8f9fefc2b24,annotated.uk,available,6.49,6.49,high,low,9,namesilo,,,
86728182-d3e6-4871-b549-9fc1963370d1,overblown.uk,available,6.98,9.98,medium,low,9,namecheap,,,04/09/2026 20:19
638adf0d-892e-41cc-a670-a982eebbc867,repeated.uk,available,6.49,6.49,medium,low,8,namesilo,,,27/09/2026 11:04
863eaf98-10b2-4b0c-8fa0-a83fae72baff,sorcerous.uk,available,6.49,6.49,medium,low,9,namesilo,,,24/08/2026 13:00
ee601ae9-3db0-44ef-82f0-3e8818593d53,participants.uk,available,6.49,6.49,medium,low,12,namesilo,,,18/09/2026 04:57
e0ba741b-7ff2-4670-9619-72121624ed76,pean.uk,resell,,,medium,low,4,ANY-Web Limited,21/03/2019 18:43,21/03/2027 18:43,26/09/2026 08:05
d704eb82-41eb-4dfe-be3d-9eb204138889,untroubled.uk,available,6.49,6.49,medium,low,10,namesilo,,,10/09/2026 01:30
407745e6-7b15-4308-a57c-7115f264505b,suite.uk,resell,,,high,low,5,Charles Scott t/a Domain Holdings UK,28/02/2019 12:10,29/02/2028 12:10,26/09/2026 09:23
5bc94de0-c9dd-4ef9-9ce8-a9937b05d679,longish.uk,available,6.49,6.49,medium,low,7,namesilo,,,24/08/2026 09:40
973cf490-13e2-45b0-a809-3283e977396f,elfish.uk,available,6.49,6.49,medium,low,6,namesilo,,,16/08/2026 03:41
a793f14c-b98e-4b82-a5d2-bd36b16c50a5,advertises.uk,available,9.99,11.99,medium,low,10,name.com,,,18/09/2026 17:19
66e760e5-c788-4c1b-811a-e655f023e243,potbellied.uk,available,6.49,6.49,medium,low,10,namesilo,,,
e30383f6-e00f-42a8-b8d7-6e218ae07fb0,quaternity.uk,available,6.49,6.49,medium,low,10,namesilo,,,
7fee0efc-cabc-4ea4-8e27-7d57ac70f88b,beefalo.uk,available,6.49,6.49,medium,low,7,namesilo,,,23/09/2026 01:04
fc4ed40f-a715-4fff-84f8-e1f822bb079c,troubling.uk,available,6.49,6.49,medium,low,9,namesilo,,,14/08/2026 13:19
c1b8be43-f744-45fc-87b8-760a8d2beeca,stilted.uk,available,6.49,6.49,medium,low,7,namesilo,,,10/09/2026 20:37
0b820bfd-b150-4fc0-bc4a-9c1c5d191a25,smirks.uk,available,6.98,9.98,low,low,6,namecheap,,,20/09/2026 14:28
6d347bf8-e9ca-4de3-8726-5d8745a25214,wispy.uk,available,6.49,6.49,medium,low,5,namesilo,,,13/09/2026 12:43
e5516eb8-f0c6-4cbb-a28b-49b7cf22b054,arriviste.uk,available,6.49,6.49,medium,low,9,namesilo,,,03/09/2026 22:17
92eae090-3f79-4bb5-a1f3-d9ff1bcd59b2,mediaeval.uk,available,6.98,9.98,medium,low,9,namecheap,,,24/08/2026 18:49
e22b1038-3d5f-45db-9f68-4fd0703e5a73,sarcoid.uk,available,6.98,9.98,high,medium,7,namecheap,,,09/09/2026 21:28
cacb8409-fc60-4d2b-8b8b-ac81caf55617,burping.uk,available,6.49,6.49,medium,low,7,namesilo,,,23/09/2026 04:38
635cc3d0-191b-4a3c-a3f0-bfd9940ea920,limply.uk,available,6.49,6.49,medium,low,6,namesilo,,,15/09/2026 12:20
3fbf6925-884e-4197-b68f-4350875bac5a,appanage.uk,available,6.49,6.49,medium,low,8,namesilo,,,19/09/2026 16:11
5f8de66a-cf50-42f2-89a5-b0db8dfcf638,vaguely.uk,available,6.49,6.49,medium,low,7,namesilo,,,16/09/2026 10:34
39dd956e-07a1-4b36-baf6-8e37cdac25b6,amaze.uk,resell,,,high,low,5,Simon Fox,17/01/2020 06:47,17/01/2027 06:47,26/09/2026 03:50
63c57a48-b34f-44d0-b25f-e2ad71f9b358,occipital.uk,available,6.49,6.49,medium,low,9,namesilo,,,04/09/2026 00:11
e47b8d85-7c2c-4c4e-9c4d-c2fc6a2b10aa,mavin.uk,resell,,,high,low,5,Premkumar Veerabadran t/a sitekart,08/03/2023 20:15,08/03/2027 20:15,26/09/2026 07:28
42a6f086-7a00-4a20-b75f-2c4372aac3c2,avahi.uk,available,6.98,9.98,medium,low,5,namecheap,,,21/09/2026 08:36
d7a3cef7-333f-4be2-a513-5a224b5ef573,awheel.uk,available,6.49,6.49,medium,low,6,namesilo,,,08/08/2026 01:05
f910d7e2-8b57-49c8-acdb-45d610248e96,revokable.uk,available,6.49,6.49,medium,low,9,namesilo,,,09/09/2026 16:23
9c03549b-777d-4c24-a2be-78b277c9825f,disorganized.uk,available,6.49,6.49,medium,low,12,namesilo,,,
f02289ec-705a-44b0-9bf1-09cc6efb8438,darkish.uk,available,9.99,11.99,medium,low,7,name.com,,,13/08/2026 18:14
4d5515f0-e4fe-48df-a558-a5b0d24bf59b,inhabitant.uk,available,9.99,11.99,high,low,10,name.com,,,24/09/2026 21:51
92e362a6-b93e-4b9a-b4a3-35e6f951e0f1,aborigine.uk,available,6.49,6.49,high,low,9,namesilo,,,
2712edef-656a-4579-8de1-b2a1b161ba38,truncheon.uk,available,6.49,6.49,medium,low,9,namesilo,,,23/09/2026 16:38
2be62527-ef80-4e07-9951-5bbd6516e419,monition.uk,available,6.49,6.49,medium,low,8,namesilo,,,17/09/2026 09:04
4396b58a-d085-4468-8caf-a9b2c2e7cbc5,charivari.uk,available,6.49,6.49,medium,low,9,namesilo,,,23/09/2026 06:08
d419bae7-41e4-4194-a06f-23ce5ddc6a2c,spaceman.uk,resell,,,high,low,8,"GoDaddy.com, LLC.",04/07/2019 13:02,04/07/2027 13:02,26/09/2026 09:10
93d15410-d261-4d69-9728-ecc12c03504e,topic.uk,resell,,,high,low,5,Tool Domains EOOD t/a Salestrar.com,10/02/2024 11:07,10/02/2027 11:07,28/09/2026 01:44
a63e34b9-78ac-4ae8-9bea-4a91f10f3e96,trenchant.uk,available,6.49,6.49,medium,low,9,namesilo,,,12/08/2026 10:33
a730bbc1-3656-4409-890e-48af651788d3,confirming.uk,available,6.49,6.49,high,low,10,namesilo,,,23/09/2026 19:45
43ba5e50-6f0d-451d-a306-489548f2cb7e,bated.uk,available,6.49,6.49,medium,low,5,namesilo,,,09/08/2026 00:22
c34bc882-0fc5-461b-ba97-5e9ebc56e806,aurally.uk,available,6.49,6.49,medium,low,7,namesilo,,,13/09/2026 22:46
5266350a-fe57-4ee4-9144-3a8e4dfea441,assiduous.uk,available,6.49,6.49,medium,low,9,namesilo,,,07/08/2026 06:09
49185dbe-f311-44cc-8495-94897d04741f,marginally.uk,resell,,,medium,low,10,ANY-Web Limited,08/01/2017 22:00,08/01/2027 22:00,26/09/2026 07:25
ec498080-dad6-49b8-83b3-421ec7917c2a,sloe.uk,resell,,,medium,low,4,Voove Limited,21/03/2026 21:00,21/03/2027 21:00,26/09/2026 09:05
a08af2f9-5be7-43e7-a0c3-69b4716fa246,weepy.uk,available,6.49,6.49,medium,low,5,namesilo,,,13/09/2026 10:06
6c63220a-875a-4555-8138-e19a444a1804,childless.uk,available,6.49,6.49,medium,low,9,namesilo,,,12/08/2026 05:10
8fe907e1-8ea0-4c4a-a4eb-1f819ab9d34c,estado.uk,available,9.98,,medium,low,6,namecheap,,,
832b4f8d-e440-47c9-b155-adbbad212a6a,unevenly.uk,available,6.49,6.49,medium,low,8,namesilo,,,15/09/2026 22:30
05cad5a1-e201-40c9-8da9-35a107a7b388,aleksandr.uk,available,5.42,5.42,high,low,9,spaceship,,,28/09/2026 08:00
1b6452b1-a276-4d1a-bc9d-7a88fe932dc0,trailers.uk,resell,,,medium,low,8,Dreamscape Networks International Pte Ltd,10/06/2019 10:47,10/06/2027 10:47,26/09/2026 09:43
275f4bb7-f550-4d9f-a561-46a74f51d85a,hydric.uk,available,6.49,6.49,medium,low,6,namesilo,,,21/08/2026 16:23
59aeecde-e9ee-4854-a78e-cdc65639b45b,decade.uk,resell,,,high,low,6,Simon Fox,20/01/2020 09:27,20/01/2027 09:27,26/09/2026 05:27
b1fdc6d4-8d15-4eca-9326-966f9046fdd1,copeland.uk,resell,,,medium,low,8,,,,27/09/2026 07:52
6b1fa990-4bc6-47f8-9638-c5ee1a92f43d,performs.uk,resell,,,medium,low,8,Global Domains Limited t/a Global Domains Limited,19/03/2019 10:02,19/03/2027 10:02,26/09/2026 08:06
a48d0d3d-3df8-49f5-b511-1f59cc1aa418,sterility.uk,resell,,,medium,low,9,Global Domains Limited t/a Global Domains Limited,19/03/2019 11:52,19/03/2027 11:52,26/09/2026 09:18
33026ee0-5e6f-4b35-97f0-7efe487c2dd3,coplanar.uk,available,6.49,6.49,medium,low,8,namesilo,,,13/08/2026 00:32
5bcf41f3-2af6-4164-b423-cb1d98e43528,seedy.uk,available,6.49,6.49,medium,low,5,namesilo,,,
444771c9-7308-4b8d-bb86-29c99b5dddd7,rican.uk,available,6.49,6.49,high,low,5,namesilo,,,25/09/2026 13:13
e77cef92-bdc4-4e10-a7a0-c15ad177315b,slyly.uk,available,6.49,6.49,medium,low,5,namesilo,,,14/09/2026 09:08
4f8ebc1e-1280-4dce-b208-fbb530e0bc97,educational.uk,resell,,,high,low,11,UK Internet Services Ltd,20/03/2019 11:22,20/03/2027 11:22,26/09/2026 05:46
0268afb0-3aa5-4f72-a675-4c686614cfed,diminuendo.uk,available,6.49,6.49,medium,low,10,namesilo,,,13/08/2026 22:19
9137c4cc-1ca2-4b41-8d34-3553b6e1e5f6,basket.uk,resell,,,high,low,6,Really Useful Domains Limited t/a Really Useful Domains,01/07/2019 13:00,01/07/2027 13:00,27/09/2026 06:39
aff11339-2ee2-4c44-af29-3a8b93dfbb1b,arkansan.uk,available,6.49,6.49,medium,low,8,namesilo,,,20/09/2026 06:11
ab9c7639-88f7-4b55-9eb8-c6095f2f942d,copesetic.uk,available,6.49,6.49,medium,low,9,namesilo,,,13/08/2026 00:22
af947a80-6167-4cee-aff9-a897602cb80c,sesame.uk,resell,,,high,low,6,Richard Kandler t/a Nameplace,04/07/2019 13:00,04/07/2027 13:00,26/09/2026 08:56
ab54aa07-647a-4c82-b474-75dc243e1a4b,yeoman.uk,resell,,,medium,low,6,Miss Ann-marie Morgan,11/06/2014 09:26,11/06/2027 09:26,26/09/2026 10:15
afceff78-6097-4102-a273-1e7ad660d8e9,acquainted.uk,available,5.42,5.42,high,low,10,spaceship,,,28/09/2026 07:02
af62171c-5f62-4416-ab73-709cc141c074,myeloid.uk,available,6.49,6.49,medium,low,7,namesilo,,,03/09/2026 12:06
d904efb2-8235-4e33-b4ac-7c3d1dd6a69f,balderdash.uk,available,6.98,9.98,medium,low,10,namecheap,,,21/09/2026 21:39
8338d72b-96e5-4fb1-9cf3-7ab194e32015,lindsay.uk,resell,,,high,low,7,Find Your Domain LLC t/a FYD,03/07/2019 13:00,03/07/2027 13:00,26/09/2026 07:15
b4492ea1-1b23-4010-af41-871b86b98466,nonaligned.uk,available,6.49,6.49,medium,low,10,namesilo,,,03/09/2026 18:44
c13b4962-0623-4338-8e22-64a78a789109,ldopa.uk,available,6.49,6.49,medium,low,6,namesilo,,,23/09/2026 07:45
6bf664f9-b9d3-440b-8980-c78927f03ade,hanger.uk,resell,,,medium,low,6,Enterfirst Ltd,12/06/2019 10:33,12/06/2030 10:33,26/09/2026 06:34
f8bb9c71-103b-4d2a-981e-7b6715f517d4,stickup.uk,available,6.49,6.49,medium,low,7,namesilo,,,20/09/2026 06:38
c829c447-14c5-4545-9741-cebdfa87ac39,acridid.uk,available,6.49,6.49,medium,low,7,namesilo,,,17/09/2026 02:59
0121b39a-2edf-466b-9cd1-c2e4f8483cc3,babbling.uk,available,6.98,9.98,high,low,8,namecheap,,,21/09/2026 12:23
57009978-b99a-4ce0-b3d5-89f7a5d8bca0,sourly.uk,available,6.49,6.49,low,low,6,namesilo,,,16/09/2026 05:40
393b25d0-25ce-4da6-84be-1e5dc152f685,heating.uk,resell,,,high,low,7,Charles Scott t/a Domain Holdings UK,28/02/2019 10:29,29/02/2028 10:29,26/09/2026 06:37
43c558df-7cde-4bc5-b1f9-72e076249467,myopic.uk,available,6.49,6.49,medium,low,6,namesilo,,,03/09/2026 12:14
3794a851-36e1-4dfc-9f19-cfbfac655087,spicebush.uk,available,6.98,9.98,medium,low,9,namecheap,,,18/09/2026 20:40
d7c5e3ba-8d53-4bb6-b8d1-85be1b61eaa9,heavens.uk,resell,,,high,low,7,"Namecheap, Inc.",01/03/2019 17:28,01/03/2027 17:28,26/09/2026 06:37
92fbb3d9-2d40-41dc-b072-bf5441fe8d45,nostalgic.uk,resell,,,high,low,9,Laughing Banana Enterprises Ltd,04/07/2019 13:01,04/07/2027 13:01,26/09/2026 07:49
18ee6d5c-6182-47d7-9db1-19b27ae46ca1,bosomed.uk,available,6.98,9.98,medium,low,7,namecheap,,,10/08/2026 20:23
c2f28cf7-d69a-45ff-bd64-9772145be248,heedful.uk,available,6.49,6.49,medium,low,7,namesilo,,,
70d348e8-8e66-4103-9ea2-95024a6561d1,cognizance.uk,available,6.98,9.98,high,low,10,namecheap,,,21/09/2026 09:59
db314803-3dc0-4c30-8bda-60f99ca2cc28,conquering.uk,available,6.49,6.49,high,low,10,namesilo,,,24/09/2026 17:24
fbbf4240-aef6-44e1-b9f4-4d2361756ae5,perfumed.uk,available,6.49,6.49,high,low,8,namesilo,,,08/09/2026 16:58
b276d78e-9cde-4dce-982e-7dbb168265da,yearningly.uk,available,6.49,6.49,medium,low,10,namesilo,,,15/09/2026 12:56
5787025e-78bc-45c5-9407-1304c7efc76d,unfenced.uk,available,6.49,6.49,medium,low,8,namesilo,,,12/09/2026 10:10
aaf02580-539e-4134-ac3f-d2b03693ebc6,glassless.uk,available,6.49,6.49,medium,low,9,namesilo,,,20/08/2026 14:11
ab08dde7-8e4b-4cf8-95e8-8f881be5c7b3,unary.uk,available,6.49,6.49,medium,low,5,namesilo,,,12/09/2026 01:06
cc01e45f-9489-4241-8904-952fe23c61f8,apologetic.uk,available,6.49,6.49,medium,low,10,namesilo,,,06/08/2026 02:07
43effbf6-dae0-499a-9d89-9852ff11f72a,desirous.uk,available,6.49,6.49,medium,low,8,namesilo,,,14/08/2026 03:49
1c0a6449-97c0-42bb-9bdd-239a32f94597,evansville.uk,available,6.49,6.49,medium,low,10,namesilo,,,28/09/2026 01:52
053e2fbb-c541-43cf-bc8a-8eafb1ac23ae,fruitless.uk,available,6.49,6.49,medium,low,9,namesilo,,,10/08/2026 19:39
18eb2ff6-460f-4d4a-bbc7-267ae24343e2,sibilant.uk,available,6.49,6.49,medium,low,8,namesilo,,,12/08/2026 23:18
b8eedb77-cf5d-4d21-9b97-8976627f5c60,nuthin.uk,available,6.49,6.49,medium,low,6,namesilo,,,
751d94b3-75be-4b1d-aa33-32a94b7836d9,hangbird.uk,available,6.49,6.49,medium,low,8,namesilo,,,22/09/2026 00:20
a653a738-355e-4ca8-9a38-c2aefc527866,habitable.uk,resell,,,high,low,9,ANY-Web Limited,13/12/2023 17:03,13/12/2026 17:03,26/09/2026 06:32
78026b04-3978-4e46-a11b-3d83ac3f8542,abdominal.uk,available,6.49,6.49,high,low,9,namesilo,,,21/09/2026 13:47
0086e357-70a3-4379-aae6-7b51b8b3b4be,grands.uk,available,6.49,6.49,medium,low,6,namesilo,,,20/09/2026 04:57
194036ac-20f4-457d-987e-962e92a0bb90,regressive.uk,available,6.49,6.49,high,medium,10,namesilo,,,09/09/2026 12:59
108a7ca1-4650-475d-ba39-47093039be3a,antiquated.uk,available,6.49,6.49,medium,low,10,namesilo,,,
4f8aa2fd-69ee-42ff-8484-14589ba2b286,deist.uk,available,6.49,6.49,medium,low,5,namesilo,,,14/08/2026 00:15
efea8f7e-f047-44a3-820b-90beeb469f2e,faithless.uk,available,6.98,9.98,medium,low,9,namecheap,,,17/08/2026 21:14
36fb4025-6d26-4812-b342-5920f1e9a985,bergenia.uk,available,6.49,6.49,medium,low,8,namesilo,,,23/09/2026 09:20
d2ea91f6-14ad-4bc9-b09f-dd1059eeb6ad,occitan.uk,available,6.49,6.49,medium,low,7,namesilo,,,09/09/2026 04:30
581094de-e4a9-424d-8cc9-c1ee94505f16,armoured.uk,resell,,,medium,low,8,Catch22 Media Limited,28/03/2019 21:55,28/03/2027 20:55,26/09/2026 04:01
27571b58-e342-411b-bb56-9d4c09f1aebf,truculent.uk,available,6.98,9.98,medium,low,9,namecheap,,,11/09/2026 20:29
353a3779-5f90-4cd5-98db-dc24c33722a2,joyfully.uk,available,6.98,9.98,high,low,8,namecheap,,,14/09/2026 21:32
4c23b3cf-f255-41cb-89eb-92af6f4735ca,collapses.uk,available,6.98,9.98,low,low,9,namecheap,,,20/09/2026 09:36
21e19bc3-44c8-4020-ae3f-dc688f1770e9,nonsocial.uk,available,6.98,9.98,medium,low,9,namecheap,,,03/09/2026 19:18
d6bfe159-d2e0-45d8-beb5-05f8952035fc,adhesive.uk,resell,,,high,low,8,Vital Domains Ltd,30/10/2017 09:17,30/10/2027 08:17,26/09/2026 01:23
ea0a5517-cf62-4747-814d-a9bb7d0d83e5,pompous.uk,available,6.49,6.49,medium,low,7,namesilo,,,12/08/2026 00:37
56e8d271-664c-4622-8ee2-4e62696fe85a,comate.uk,available,6.98,9.98,low,low,6,namecheap,,,12/08/2026 18:20
7547c9d9-cff5-4eb7-a6a6-6f4129696285,septenary.uk,available,6.49,6.49,medium,low,9,namesilo,,,
e1cde665-9922-43ea-adc5-a14c64c26925,treating.uk,available,6.49,6.49,medium,low,8,namesilo,,,28/09/2026 08:47
f0887b07-8249-4b8e-9ba7-343bf7672cfd,olivia.uk,resell,,,high,low,6,,,,28/09/2026 07:43
1315de9a-e716-45f4-8586-ef040d5466af,somber.uk,available,6.49,6.49,medium,low,6,namesilo,,,10/09/2026 14:00
fd06d48b-af39-4988-8bb7-5e41cc2bb08f,agone.uk,available,,,medium,low,5,,,,
7724a9d6-bd0f-4170-bbdf-156216bea1f2,homophobic.uk,available,6.49,6.49,medium,low,10,namesilo,,,21/08/2026 13:04
32be1a8c-edd7-4340-b891-0d919cc3fcad,academism.uk,available,6.98,9.98,medium,low,9,namecheap,,,16/09/2026 20:23
b19b1ffd-4b56-4045-8864-0bdffcd31f8d,tottering.uk,available,6.98,9.98,medium,low,9,namecheap,,,11/09/2026 18:14
9e8ddc4b-a6f4-42d4-ad7b-3c27e49d8656,sycamore.uk,resell,,,high,low,8,UK Internet Services Ltd,18/01/2020 09:59,18/01/2027 09:59,26/09/2026 09:28
2d9b1ca7-29ca-45b0-99ad-11fb7948b9e0,alphavirus.uk,available,6.49,6.49,medium,low,10,namesilo,,,18/09/2026 13:47
8995ea01-43a3-425c-a3de-2f9b8a9c9a88,didrikson.uk,available,6.49,6.49,medium,low,9,namesilo,,,21/09/2026 12:34
5cdbe9ca-0bb4-4b54-a7a7-f3112ee2c216,bacchante.uk,available,6.49,6.49,medium,low,9,namesilo,,,21/09/2026 13:59
81d5ccce-abf0-4884-af16-d26832507538,provided.uk,available,6.49,6.49,medium,low,8,namesilo,,,16/09/2026 09:17
eb10abe1-237d-451f-97ec-39b97c9d810d,salmagundi.uk,available,6.49,6.49,medium,low,10,namesilo,,,25/08/2026 08:22
f935fad6-4cff-4467-9df6-dd8bd6498c0d,ostensible.uk,available,6.49,6.49,medium,low,10,namesilo,,,04/09/2026 18:29
10fe1f70-96c4-46f1-8b20-d27d279e4d6b,maximising.uk,available,6.98,9.98,medium,low,10,namecheap,,,24/08/2026 17:58
c4cf75b1-261a-4a37-a236-54dd50e807c1,belongings.uk,available,6.49,6.49,high,low,10,namesilo,,,23/09/2026 06:56
20141d75-fa42-4238-8bfd-d3df4befc164,cap.uk,resell,,,high,low,3,Mr DJ Wood t/a Domain Names Ltd,23/04/2026 19:51,23/04/2027 19:51,26/09/2026 04:46
55b737f6-1f89-45c2-a397-b07987d9af6e,hardheaded.uk,available,6.49,6.49,medium,low,10,namesilo,,,21/08/2026 00:26
1f1f4969-de43-4083-87e5-ac37324b8c4e,rushy.uk,available,6.98,9.98,medium,low,5,namecheap,,,25/09/2026 13:41
13c2140e-85e2-41f0-8fe8-5d6f7d588ab1,cissy.uk,available,6.49,6.49,medium,low,5,namesilo,,,12/08/2026 08:40
b29def4a-01e6-4d92-9d0a-7b2b79f2fcf5,asexually.uk,available,6.49,6.49,medium,low,9,namesilo,,,13/09/2026 22:03
8911a16d-b7ac-41aa-b9a2-842257ae40b0,relevantly.uk,available,6.49,6.49,medium,low,10,namesilo,,,15/09/2026 22:59
1ece72d6-95f8-48a8-ade2-61791aafe420,clanging.uk,available,6.49,6.49,medium,low,8,namesilo,,,12/08/2026 09:31
6a092fae-b699-4b83-97ca-3f92f06c957a,indocile.uk,available,6.49,6.49,medium,low,8,namesilo,,,22/08/2026 03:18
d086ddf4-84dd-4938-ba96-9dfcbd99a98c,deathless.uk,available,9.99,11.99,medium,low,9,name.com,,,13/08/2026 20:02
76a2a569-9742-4d5f-978c-c463dafb061a,colors.uk,resell,,,high,low,6,Premkumar Veerabadran t/a sitekart,08/01/2025 14:00,08/01/2027 14:00,26/09/2026 05:07
81724530-5e1c-417e-896b-b56d2a4ac53e,bitumen.uk,resell,,,medium,low,7,"GoDaddy.com, LLC.",28/10/2017 16:39,28/10/2028 16:39,26/09/2026 04:27
ee663466-6513-4777-857c-95b89dc3e98f,exergonic.uk,available,6.49,6.49,medium,low,9,namesilo,,,17/08/2026 17:06
2454e0f3-6c82-4cce-a724-df3db21ca1f6,illegalize.uk,available,6.98,9.98,medium,low,10,namecheap,,,04/09/2026 19:26
b67237d1-fee2-45df-98b9-7129bc3d1899,moderation.uk,resell,,,high,low,10,"Dynadot, LLC t/a Dynadot",10/09/2026 14:05,10/09/2027 14:05,26/09/2026 07:36
5727c91c-781d-4f38-a830-05ebde54fc00,comfortably.uk,available,6.49,6.49,high,low,11,namesilo,,,
5ff58d18-151c-4083-af52-536d493ddfa1,vesica.uk,available,6.98,9.98,medium,low,6,namecheap,,,24/09/2026 03:27
2604e415-46f1-4392-9967-341377ad0014,mitigated.uk,available,6.49,6.49,medium,low,9,namesilo,,,25/08/2026 02:06
0ae14947-1f3e-41f6-8f98-156b05d7c60f,raptorial.uk,available,6.49,6.49,high,medium,9,namesilo,,,09/09/2026 10:23
03615c33-66eb-487e-af2b-6369010a6c86,uncrowned.uk,available,6.49,6.49,medium,low,9,namesilo,,,13/08/2026 08:36
24a51cbc-e6d4-496c-9006-2e04768b905f,prat.uk,available,,,medium,low,4,,,,
df137096-8d8b-46e7-822e-966456467ad1,devotes.uk,available,6.49,6.49,medium,low,7,namesilo,,,20/09/2026 02:04
2aae2fd1-5031-493a-8c9c-b360d1347c14,floodlit.uk,available,6.49,6.49,medium,low,8,namesilo,,,18/08/2026 08:47
fd6f97d2-a153-4997-8f00-fdec7106f6dc,punily.uk,available,6.49,6.49,low,low,6,namesilo,,,15/09/2026 22:01
facb3887-c17d-412e-9465-5ee9c4bd8679,swarthy.uk,available,6.49,6.49,medium,low,7,namesilo,,,11/09/2026 05:25
d6a88393-70cd-4a5b-984b-1446ed6beee1,year.uk,resell,,,high,low,4,Fasthosts Internet Ltd,05/07/2019 13:00,05/07/2030 13:00,26/09/2026 10:15
9586178b-252d-4aaf-9262-e2f071a7ee74,fetid.uk,available,6.49,6.49,medium,low,5,namesilo,,,18/08/2026 02:24
cc66456f-69ba-4c94-8be7-1649388e3bb9,unhearing.uk,available,9.99,11.99,medium,low,9,name.com,,,13/08/2026 19:50
00ffb36b-fae6-42cd-b1a3-ef4dc2c37ba9,manky.uk,available,6.49,6.49,low,low,5,namesilo,,,24/08/2026 15:12
459eeb7f-9578-4e8e-a8cc-42b6978f4ef1,greenwing.uk,available,6.98,9.98,medium,low,9,namecheap,,,19/09/2026 02:56
aded8725-c395-4403-8d9b-228c86635477,breakneck.uk,available,6.49,6.49,medium,low,9,namesilo,,,11/08/2026 03:08
77088b24-a5e7-42c8-9521-d1200ea0b67f,poulet.uk,available,6.49,6.49,medium,low,6,namesilo,,,12/08/2026 04:55
e2ebdec6-03c4-4c56-ab32-956a9802f391,agrippa.uk,available,6.98,9.98,medium,low,7,namecheap,,,17/09/2026 19:32
c1dbbfba-7ed2-4ad2-9074-55b144c6b65c,advection.uk,available,6.49,6.49,medium,low,9,namesilo,,,17/09/2026 10:31
e885a1b3-f07c-4100-83af-030f7f8abe1a,cynicism.uk,available,6.98,9.98,medium,low,8,namecheap,,,24/09/2026 20:49
a8a2ecda-4320-479b-8de3-9e910029dfa3,backslider.uk,available,6.49,6.49,medium,low,10,namesilo,,,21/09/2026 15:58
c8f7ae3f-3cfa-4fc2-a941-35886f1d5d17,abkhasian.uk,available,6.49,6.49,medium,low,9,namesilo,,,
e62c5377-eb06-4592-9885-ffa5e0effde0,unrevealed.uk,available,6.49,6.49,medium,low,10,namesilo,,,12/09/2026 08:09
5368fb15-a99c-455e-9636-4af26a279420,predacious.uk,available,6.49,6.49,high,medium,10,namesilo,,,09/09/2026 01:21
c65439f7-d912-4531-a48a-decb45547682,unsavory.uk,available,6.49,6.49,medium,low,8,namesilo,,,14/08/2026 13:05
3977146a-7a22-44ab-8e5a-b71777575310,lookouts.uk,available,6.98,9.98,medium,low,8,namecheap,,,18/09/2026 10:55